,Purchase,Target,WeekofPurchase,PurchaseWeek,StoreID,PriceCH,PriceMM,DiscCH,DiscMM,SpecialCH,SpecialMM,LoyalCH,SalePriceMM,SalePriceCH,PriceDiff,PriceDiff_Pos_Neg_None,Store7,PctDiscMM,PctDiscCH,ListPriceDiff,STORE
4,MM,1,227,w-227,1,1.69,1.69,0,0,0,0,0.4,1.69,1.69,0,11,No,0,0,0,1
40,CH,0,227,w-227,4,1.79,1.79,0,0,0,1,0.920961,1.79,1.79,0,11,No,0,0,0,4
98,CH,0,227,w-227,2,1.69,1.69,0,0,0,0,0.744,1.69,1.69,0,11,No,0,0,0,2
355,MM,1,227,w-227,4,1.79,1.79,0,0,0,1,0.5,1.79,1.79,0,11,No,0,0,0,4
384,CH,0,227,w-227,7,1.69,1.69,0,0,0,1,0.072993,1.69,1.69,0,11,Yes,0,0,0,0
385,MM,1,227,w-227,2,1.69,1.69,0,0,0,0,0.258395,1.69,1.69,0,11,No,0,0,0,2
407,MM,1,227,w-227,1,1.69,1.69,0,0,0,0,0.433472,1.69,1.69,0,11,No,0,0,0,1
462,CH,0,227,w-227,4,1.79,1.79,0,0,0,1,0.48,1.79,1.79,0,11,No,0,0,0,4
566,MM,1,227,w-227,4,1.79,1.79,0,0,0,1,0.4,1.79,1.79,0,11,No,0,0,0,4
689,MM,1,227,w-227,3,1.79,1.79,0,0,0,1,0.053687,1.79,1.79,0,11,No,0,0,0,3
932,CH,0,227,w-227,4,1.79,1.79,0,0,0,1,0.5,1.79,1.79,0,11,No,0,0,0,4
935,MM,1,227,w-227,2,1.69,1.69,0,0,0,0,0.211886,1.69,1.69,0,11,No,0,0,0,2
963,CH,0,227,w-227,1,1.69,1.69,0,0,0,0,0.6,1.69,1.69,0,11,No,0,0,0,1
1003,MM,1,227,w-227,3,1.79,1.79,0,0,0,1,0.16384,1.79,1.79,0,11,No,0,0,0,3
1056,MM,1,227,w-227,1,1.69,1.69,0,0,0,0,0.32,1.69,1.69,0,11,No,0,0,0,1
5,CH,0,228,w-228,7,1.69,1.69,0,0,0,0,0.956535,1.69,1.69,0,11,Yes,0,0,0,0
153,CH,0,228,w-228,4,1.79,1.79,0,0,0,0,0.83616,1.79,1.79,0,11,No,0,0,0,4
222,MM,1,228,w-228,1,1.69,1.69,0,0,0,0,0.32,1.69,1.69,0,11,No,0,0,0,1
232,CH,0,228,w-228,7,1.69,1.69,0,0,0,0,0.535142,1.69,1.69,0,11,Yes,0,0,0,0
297,CH,0,228,w-228,2,1.69,1.69,0,0,0,0,0.48,1.69,1.69,0,11,No,0,0,0,2
374,MM,1,228,w-228,1,1.69,1.69,0,0,0,0,0.5,1.69,1.69,0,11,No,0,0,0,1
377,MM,1,228,w-228,2,1.69,1.69,0,0,0,0,0.256,1.69,1.69,0,11,No,0,0,0,2
386,MM,1,228,w-228,2,1.69,1.69,0,0,0,0,0.206716,1.69,1.69,0,11,No,0,0,0,2
463,CH,0,228,w-228,7,1.69,1.69,0,0,0,0,0.584,1.69,1.69,0,11,Yes,0,0,0,0
544,MM,1,228,w-228,3,1.79,1.79,0,0,0,0,0.26624,1.79,1.79,0,11,No,0,0,0,3
665,MM,1,228,w-228,2,1.69,1.69,0,0,0,0,0.5,1.69,1.69,0,11,No,0,0,0,2
690,MM,1,228,w-228,3,1.79,1.79,0,0,0,0,0.04295,1.79,1.79,0,11,No,0,0,0,3
750,CH,0,228,w-228,2,1.69,1.69,0,0,0,0,0.6,1.69,1.69,0,11,No,0,0,0,2
770,MM,1,228,w-228,2,1.69,1.69,0,0,0,0,0.5,1.69,1.69,0,11,No,0,0,0,2
822,CH,0,228,w-228,4,1.79,1.79,0,0,0,0,0.740314,1.79,1.79,0,11,No,0,0,0,4
832,MM,1,228,w-228,2,1.69,1.69,0,0,0,0,0.32,1.69,1.69,0,11,No,0,0,0,2
864,CH,0,228,w-228,7,1.69,1.69,0,0,0,0,0.351365,1.69,1.69,0,11,Yes,0,0,0,0
1001,MM,1,228,w-228,2,1.69,1.69,0,0,0,0,0.4,1.69,1.69,0,11,No,0,0,0,2
1036,MM,1,228,w-228,1,1.69,1.69,0,0,0,0,0.5,1.69,1.69,0,11,No,0,0,0,1
1037,MM,1,228,w-228,1,1.69,1.69,0,0,0,0,0.4,1.69,1.69,0,11,No,0,0,0,1
1050,MM,1,228,w-228,7,1.69,1.69,0,0,0,0,0.744,1.69,1.69,0,11,Yes,0,0,0,0
1057,CH,0,228,w-228,7,1.69,1.69,0,0,0,0,0.256,1.69,1.69,0,11,Yes,0,0,0,0
41,CH,0,229,w-229,4,1.79,1.79,0,0,0,0,0.936769,1.79,1.79,0,11,No,0,0,0,4
99,CH,0,229,w-229,2,1.69,1.69,0,0,0,0,0.7952,1.69,1.69,0,11,No,0,0,0,2
171,CH,0,229,w-229,7,1.69,1.69,0,0.2,0,1,0.95705,1.49,1.69,-0.2,10,Yes,0.118343,0,0,0
202,MM,1,229,w-229,7,1.69,1.69,0,0.2,0,1,0.68,1.49,1.69,-0.2,10,Yes,0.118343,0,0,0
256,CH,0,229,w-229,7,1.69,1.69,0,0.2,0,1,0.16384,1.49,1.69,-0.2,10,Yes,0.118343,0,0,0
268,MM,1,229,w-229,3,1.79,1.79,0,0,0,0,0.5648,1.79,1.79,0,11,No,0,0,0,3
274,MM,1,229,w-229,3,1.79,1.79,0,0,0,0,0.027488,1.79,1.79,0,11,No,0,0,0,3
298,MM,1,229,w-229,2,1.69,1.69,0,0,0,0,0.584,1.69,1.69,0,11,No,0,0,0,2
333,MM,1,229,w-229,7,1.69,1.69,0,0.2,0,1,0.149422,1.49,1.69,-0.2,10,Yes,0.118343,0,0,0
356,MM,1,229,w-229,4,1.79,1.79,0,0,0,0,0.4,1.79,1.79,0,11,No,0,0,0,4
378,MM,1,229,w-229,2,1.69,1.69,0,0,0,0,0.2048,1.69,1.69,0,11,No,0,0,0,2
387,MM,1,229,w-229,2,1.69,1.69,0,0,0,0,0.165373,1.69,1.69,0,11,No,0,0,0,2
501,CH,0,229,w-229,3,1.79,1.79,0,0,0,0,0.4,1.79,1.79,0,11,No,0,0,0,3
691,MM,1,229,w-229,3,1.79,1.79,0,0,0,0,0.03436,1.79,1.79,0,11,No,0,0,0,3
737,MM,1,229,w-229,3,1.79,1.79,0,0,0,0,0.48,1.79,1.79,0,11,No,0,0,0,3
751,CH,0,229,w-229,7,1.69,1.69,0,0.2,0,1,0.68,1.49,1.69,-0.2,10,Yes,0.118343,0,0,0
771,MM,1,229,w-229,2,1.69,1.69,0,0,0,0,0.4,1.69,1.69,0,11,No,0,0,0,2
823,CH,0,229,w-229,4,1.79,1.79,0,0,0,0,0.792251,1.79,1.79,0,11,No,0,0,0,4
936,MM,1,229,w-229,2,1.69,1.69,0,0,0,0,0.169509,1.69,1.69,0,11,No,0,0,0,2
964,MM,1,229,w-229,1,1.69,1.69,0,0,0,0,0.68,1.69,1.69,0,11,No,0,0,0,1
993,MM,1,229,w-229,7,1.69,1.69,0,0.2,0,1,0.5,1.49,1.69,-0.2,10,Yes,0.118343,0,0,0
997,CH,0,229,w-229,7,1.69,1.69,0,0.2,0,1,0.6,1.49,1.69,-0.2,10,Yes,0.118343,0,0,0
1009,CH,0,229,w-229,7,1.69,1.69,0,0.2,0,1,0.4,1.49,1.69,-0.2,10,Yes,0.118343,0,0,0
6,CH,0,230,w-230,7,1.69,1.99,0,0,0,1,0.965228,1.99,1.69,0.3,13,Yes,0,0,0.3,0
42,CH,0,230,w-230,4,1.79,1.79,0,0,0,0,0.949415,1.79,1.79,0,11,No,0,0,0,4
75,CH,0,230,w-230,7,1.69,1.99,0,0,0,1,0.68,1.99,1.69,0.3,13,Yes,0,0,0.3,0
154,CH,0,230,w-230,3,1.79,1.79,0,0,0,0,0.868928,1.79,1.79,0,11,No,0,0,0,3
172,CH,0,230,w-230,7,1.69,1.99,0,0,0,1,0.96564,1.99,1.69,0.3,13,Yes,0,0,0.3,0
203,CH,0,230,w-230,7,1.69,1.99,0,0,0,1,0.544,1.99,1.69,0.3,13,Yes,0,0,0.3,0
325,MM,1,230,w-230,1,1.69,1.69,0,0.2,0,0,0.4,1.49,1.69,-0.2,10,No,0.118343,0,0,1
353,CH,0,230,w-230,4,1.79,1.79,0,0,0,0,0.52,1.79,1.79,0,11,No,0,0,0,4
357,MM,1,230,w-230,4,1.79,1.79,0,0,0,0,0.32,1.79,1.79,0,11,No,0,0,0,4
388,MM,1,230,w-230,7,1.69,1.99,0,0,0,1,0.132298,1.99,1.69,0.3,13,Yes,0,0,0.3,0
412,MM,1,230,w-230,3,1.79,1.79,0,0,0,0,0.283886,1.79,1.79,0,11,No,0,0,0,3
563,CH,0,230,w-230,4,1.79,1.79,0,0,0,0,0.6672,1.79,1.79,0,11,No,0,0,0,4
577,CH,0,230,w-230,7,1.69,1.99,0,0,0,1,0.6,1.99,1.69,0.3,13,Yes,0,0,0.3,0
692,MM,1,230,w-230,3,1.79,1.79,0,0,0,0,0.027488,1.79,1.79,0,11,No,0,0,0,3
734,MM,1,230,w-230,1,1.69,1.69,0,0.2,0,0,0.3072,1.49,1.69,-0.2,10,No,0.118343,0,0,1
784,MM,1,230,w-230,3,1.79,1.79,0,0,0,0,0.131072,1.79,1.79,0,11,No,0,0,0,3
965,MM,1,230,w-230,1,1.69,1.69,0,0.2,0,0,0.544,1.49,1.69,-0.2,10,No,0.118343,0,0,1
1010,CH,0,230,w-230,7,1.69,1.99,0,0,0,1,0.5648,1.99,1.69,0.3,13,Yes,0,0,0.3,0
1051,CH,0,230,w-230,7,1.69,1.99,0,0,0,1,0.5952,1.99,1.69,0.3,13,Yes,0,0,0.3,0
155,CH,0,231,w-231,3,1.79,1.79,0,0,0,0,0.895142,1.79,1.79,0,11,No,0,0,0,3
173,CH,0,231,w-231,4,1.79,1.79,0,0,0,0,0.972512,1.79,1.79,0,11,No,0,0,0,4
204,CH,0,231,w-231,7,1.69,1.99,0,0,0,0,0.6352,1.99,1.69,0.3,13,Yes,0,0,0.3,0
299,MM,1,231,w-231,2,1.69,1.69,0.3,0,1,0,0.4672,1.69,1.39,0.3,13,No,0,0.177515,0,2
326,CH,0,231,w-231,1,1.69,1.69,0.3,0.2,1,0,0.32,1.49,1.39,0.1,13,No,0.118343,0.177515,0,1
519,CH,0,231,w-231,2,1.69,1.69,0.3,0,1,0,0.5,1.69,1.39,0.3,13,No,0,0.177515,0,2
545,MM,1,231,w-231,2,1.69,1.69,0.3,0,1,0,0.212992,1.69,1.39,0.3,13,No,0,0.177515,0,2
588,CH,0,231,w-231,1,1.69,1.69,0.3,0.2,1,0,0.5,1.49,1.39,0.1,13,No,0.118343,0.177515,0,1
693,MM,1,231,w-231,3,1.79,1.79,0,0,0,0,0.02199,1.79,1.79,0,11,No,0,0,0,3
824,CH,0,231,w-231,4,1.79,1.79,0,0,0,0,0.833801,1.79,1.79,0,11,No,0,0,0,4
836,MM,1,231,w-231,4,1.79,1.79,0,0,0,0,0.6,1.79,1.79,0,11,No,0,0,0,4
865,MM,1,231,w-231,7,1.69,1.99,0,0,0,0,0.481092,1.99,1.69,0.3,13,Yes,0,0,0.3,0
906,MM,1,231,w-231,7,1.69,1.99,0,0,0,0,0.256,1.99,1.69,0.3,13,Yes,0,0,0.3,0
926,MM,1,231,w-231,3,1.79,1.79,0,0,0,0,0.4,1.79,1.79,0,11,No,0,0,0,3
927,MM,1,231,w-231,3,1.79,1.79,0,0,0,0,0.32,1.79,1.79,0,11,No,0,0,0,3
928,MM,1,231,w-231,3,1.79,1.79,0,0,0,0,0.256,1.79,1.79,0,11,No,0,0,0,3
937,MM,1,231,w-231,2,1.69,1.69,0.3,0,1,0,0.135607,1.69,1.39,0.3,13,No,0,0.177515,0,2
998,MM,1,231,w-231,7,1.69,1.99,0,0,0,0,0.68,1.99,1.69,0.3,13,Yes,0,0,0.3,0
1011,CH,0,231,w-231,7,1.69,1.99,0,0,0,0,0.65184,1.99,1.69,0.3,13,Yes,0,0,0.3,0
1052,CH,0,231,w-231,7,1.69,1.99,0,0,0,0,0.67616,1.99,1.69,0.3,13,Yes,0,0,0.3,0
7,CH,0,232,w-232,7,1.69,1.99,0,0.4,1,1,0.972182,1.59,1.69,-0.1,10,Yes,0.201005,0,0.3,0
34,MM,1,232,w-232,2,1.69,1.69,0,0,1,0,0.68,1.69,1.69,0,11,No,0,0,0,2
257,CH,0,232,w-232,7,1.69,1.99,0,0.4,1,1,0.331072,1.59,1.69,-0.1,10,Yes,0.201005,0,0.3,0
423,CH,0,232,w-232,2,1.69,1.69,0,0,1,0,0.4352,1.69,1.69,0,11,No,0,0,0,2
496,MM,1,232,w-232,2,1.69,1.69,0,0,1,0,0.5,1.69,1.69,0,11,No,0,0,0,2
502,CH,0,232,w-232,3,1.79,2.09,0,0,0,0,0.52,2.09,1.79,0.3,13,No,0,0,0.3,3
546,MM,1,232,w-232,2,1.69,1.69,0,0,1,0,0.170394,1.69,1.69,0,11,No,0,0,0,2
694,MM,1,232,w-232,3,1.79,2.09,0,0,0,0,0.017592,2.09,1.79,0.3,13,No,0,0,0.3,3
752,CH,0,232,w-232,4,1.79,2.09,0,0,0,0,0.4,2.09,1.79,0.3,13,No,0,0,0.3,4
753,MM,1,232,w-232,1,1.69,1.99,0,0,1,0,0.52,1.99,1.69,0.3,13,No,0,0,0.3,1
776,CH,0,232,w-232,7,1.69,1.99,0,0.4,1,1,0.6,1.59,1.69,-0.1,10,Yes,0.201005,0,0.3,0
781,CH,0,232,w-232,1,1.69,1.99,0,0,1,0,0.586313,1.99,1.69,0.3,13,No,0,0,0.3,1
785,MM,1,232,w-232,3,1.79,2.09,0,0,0,0,0.104858,2.09,1.79,0.3,13,No,0,0,0.3,3
825,CH,0,232,w-232,4,1.79,2.09,0,0,0,0,0.867041,2.09,1.79,0.3,13,No,0,0,0.3,4
851,CH,0,232,w-232,1,1.69,1.99,0,0,1,0,0.7952,1.99,1.69,0.3,13,No,0,0,0.3,1
852,CH,0,232,w-232,1,1.69,1.99,0,0,1,0,0.83616,1.99,1.69,0.3,13,No,0,0,0.3,1
962,MM,1,232,w-232,1,1.69,1.99,0,0,1,0,0.48,1.99,1.69,0.3,13,No,0,0,0.3,1
1012,CH,0,232,w-232,7,1.69,1.99,0,0.4,1,1,0.721472,1.59,1.69,-0.1,10,Yes,0.201005,0,0.3,0
1058,CH,0,232,w-232,1,1.69,1.99,0,0,1,0,0.4048,1.99,1.69,0.3,13,No,0,0,0.3,1
43,CH,0,233,w-233,4,1.79,2.09,0,0,0,0,0.959532,2.09,1.79,0.3,13,No,0,0,0.3,4
146,MM,1,233,w-233,7,1.75,1.99,0,0.4,1,0,0.5,1.59,1.75,-0.16,10,Yes,0.201005,0,0.24,0
156,CH,0,233,w-233,1,1.69,1.99,0,0,0,0,0.916114,1.99,1.69,0.3,13,No,0,0,0.3,1
174,CH,0,233,w-233,4,1.79,2.09,0,0,0,0,0.97801,2.09,1.79,0.3,13,No,0,0,0.3,4
205,CH,0,233,w-233,7,1.75,1.99,0,0.4,1,0,0.70816,1.59,1.75,-0.16,10,Yes,0.201005,0,0.24,0
233,CH,0,233,w-233,7,1.75,1.99,0,0.4,1,0,0.628114,1.59,1.75,-0.16,10,Yes,0.201005,0,0.24,0
300,MM,1,233,w-233,2,1.69,1.69,0,0,0,0,0.37376,1.69,1.69,0,11,No,0,0,0,2
340,CH,0,233,w-233,7,1.75,1.99,0,0.4,1,0,0.744,1.59,1.75,-0.16,10,Yes,0.201005,0,0.24,0
366,MM,1,233,w-233,7,1.75,1.99,0,0.4,1,0,0.4,1.59,1.75,-0.16,10,Yes,0.201005,0,0.24,0
389,MM,1,233,w-233,2,1.69,1.69,0,0,0,0,0.105838,1.69,1.69,0,11,No,0,0,0,2
447,CH,0,233,w-233,7,1.75,1.99,0,0.4,1,0,0.524608,1.59,1.75,-0.16,10,Yes,0.201005,0,0.24,0
559,CH,0,233,w-233,7,1.75,1.99,0,0.4,1,0,0.5,1.59,1.75,-0.16,10,Yes,0.201005,0,0.24,0
567,MM,1,233,w-233,7,1.75,1.99,0,0.4,1,0,0.4,1.59,1.75,-0.16,10,Yes,0.201005,0,0.24,0
612,CH,0,233,w-233,7,1.75,1.99,0,0.4,1,0,0.2048,1.59,1.75,-0.16,10,Yes,0.201005,0,0.24,0
641,CH,0,233,w-233,3,1.79,2.09,0,0,0,0,0.5072,2.09,1.79,0.3,13,No,0,0,0.3,3
695,MM,1,233,w-233,3,1.79,2.09,0,0,0,0,0.014074,2.09,1.79,0.3,13,No,0,0,0.3,3
746,CH,0,233,w-233,7,1.75,1.99,0,0.4,1,0,0.5,1.59,1.75,-0.16,10,Yes,0.201005,0,0.24,0
786,MM,1,233,w-233,3,1.79,2.09,0,0,0,0,0.083886,2.09,1.79,0.3,13,No,0,0,0.3,3
866,CH,0,233,w-233,7,1.75,1.99,0,0.4,1,0,0.384874,1.59,1.75,-0.16,10,Yes,0.201005,0,0.24,0
885,CH,0,233,w-233,7,1.75,1.99,0,0.4,1,0,0.6,1.59,1.75,-0.16,10,Yes,0.201005,0,0.24,0
907,MM,1,233,w-233,7,1.75,1.99,0,0.4,1,0,0.2048,1.59,1.75,-0.16,10,Yes,0.201005,0,0.24,0
938,MM,1,233,w-233,2,1.69,1.69,0,0,0,0,0.108486,1.69,1.69,0,11,No,0,0,0,2
966,CH,0,233,w-233,1,1.69,1.99,0,0,0,0,0.4352,1.99,1.69,0.3,13,No,0,0,0.3,1
981,CH,0,233,w-233,7,1.75,1.99,0,0.4,1,0,0.4,1.59,1.75,-0.16,10,Yes,0.201005,0,0.24,0
1013,CH,0,233,w-233,7,1.75,1.99,0,0.4,1,0,0.777178,1.59,1.75,-0.16,10,Yes,0.201005,0,0.24,0
1014,CH,0,233,w-233,7,1.75,1.99,0,0.4,1,0,0.821742,1.59,1.75,-0.16,10,Yes,0.201005,0,0.24,0
1038,MM,1,233,w-233,1,1.69,1.99,0,0,0,0,0.5,1.99,1.69,0.3,13,No,0,0,0.3,1
1059,CH,0,233,w-233,7,1.75,1.99,0,0.4,1,0,0.52384,1.59,1.75,-0.16,10,Yes,0.201005,0,0.24,0
8,CH,0,234,w-234,7,1.75,1.99,0,0.4,1,0,0.977746,1.59,1.75,-0.16,10,Yes,0.201005,0,0.24,0
100,CH,0,234,w-234,2,1.69,1.99,0,0,0,0,0.83616,1.99,1.69,0.3,13,No,0,0,0.3,2
223,CH,0,234,w-234,1,1.69,1.99,0,0,0,0,0.256,1.99,1.69,0.3,13,No,0,0,0.3,1
234,MM,1,234,w-234,7,1.75,1.99,0,0.4,1,0,0.702491,1.59,1.75,-0.16,10,Yes,0.201005,0,0.24,0
275,MM,1,234,w-234,3,1.79,2.09,0,0,0,0,0.02199,2.09,1.79,0.3,13,No,0,0,0.3,3
301,CH,0,234,w-234,3,1.79,2.09,0,0,0,0,0.299008,2.09,1.79,0.3,13,No,0,0,0.3,3
413,MM,1,234,w-234,7,1.75,1.99,0,0.4,1,0,0.227109,1.59,1.75,-0.16,10,Yes,0.201005,0,0.24,0
433,CH,0,234,w-234,7,1.75,1.99,0,0.4,1,0,0.5,1.59,1.75,-0.16,10,Yes,0.201005,0,0.24,0
547,MM,1,234,w-234,2,1.69,1.99,0,0,0,0,0.136315,1.99,1.69,0.3,13,No,0,0,0.3,2
589,MM,1,234,w-234,7,1.75,1.99,0,0.4,1,0,0.6,1.59,1.75,-0.16,10,Yes,0.201005,0,0.24,0
696,MM,1,234,w-234,3,1.79,2.09,0,0,0,0,0.011259,2.09,1.79,0.3,13,No,0,0,0.3,3
748,MM,1,234,w-234,3,1.79,2.09,0,0,0,0,0.256,2.09,1.79,0.3,13,No,0,0,0.3,3
787,MM,1,234,w-234,3,1.79,2.09,0,0,0,0,0.067109,2.09,1.79,0.3,13,No,0,0,0.3,3
849,MM,1,234,w-234,7,1.75,1.99,0,0.4,1,0,0.5,1.59,1.75,-0.16,10,Yes,0.201005,0,0.24,0
853,CH,0,234,w-234,1,1.69,1.99,0,0,0,0,0.868928,1.99,1.69,0.3,13,No,0,0,0.3,1
862,MM,1,234,w-234,7,1.75,1.99,0,0.4,1,0,0.5,1.59,1.75,-0.16,10,Yes,0.201005,0,0.24,0
929,MM,1,234,w-234,3,1.79,2.09,0,0,0,0,0.2048,2.09,1.79,0.3,13,No,0,0,0.3,3
1015,CH,0,234,w-234,1,1.69,1.99,0,0,0,0,0.857394,1.99,1.69,0.3,13,No,0,0,0.3,1
9,CH,0,235,w-235,7,1.75,1.99,0,0.4,0,0,0.982197,1.59,1.75,-0.16,10,Yes,0.201005,0,0.24,0
235,CH,0,235,w-235,7,1.75,1.99,0,0.4,0,0,0.561993,1.59,1.75,-0.16,10,Yes,0.201005,0,0.24,0
269,MM,1,235,w-235,3,1.79,2.09,0,0,0,0,0.45184,2.09,1.79,0.3,13,No,0,0,0.3,3
390,CH,0,235,w-235,7,1.75,1.99,0,0.4,0,0,0.084671,1.59,1.75,-0.16,10,Yes,0.201005,0,0.24,0
414,MM,1,235,w-235,3,1.79,2.09,0,0,0,0,0.181687,2.09,1.79,0.3,13,No,0,0,0.3,3
424,CH,0,235,w-235,2,1.69,1.99,0,0,0,0,0.54816,1.99,1.69,0.3,13,No,0,0,0.3,2
485,CH,0,235,w-235,3,1.79,2.09,0,0,0,0,0.5,2.09,1.79,0.3,13,No,0,0,0.3,3
503,CH,0,235,w-235,3,1.79,2.09,0,0,0,0,0.616,2.09,1.79,0.3,13,No,0,0,0.3,3
548,MM,1,235,w-235,2,1.69,1.99,0,0,0,0,0.109052,1.99,1.69,0.3,13,No,0,0,0.3,2
680,MM,1,235,w-235,7,1.75,1.99,0,0.4,0,0,0.4,1.59,1.75,-0.16,10,Yes,0.201005,0,0.24,0
697,MM,1,235,w-235,3,1.79,2.09,0,0,0,0,0.009007,2.09,1.79,0.3,13,No,0,0,0.3,3
772,MM,1,235,w-235,2,1.69,1.99,0,0,0,0,0.32,1.99,1.69,0.3,13,No,0,0,0.3,2
1004,MM,1,235,w-235,3,1.79,2.09,0,0,0,0,0.131072,2.09,1.79,0.3,13,No,0,0,0.3,3
1016,CH,0,235,w-235,7,1.75,1.99,0,0.4,0,0,0.885915,1.59,1.75,-0.16,10,Yes,0.201005,0,0.24,0
1039,MM,1,235,w-235,1,1.69,1.99,0,0,0,0,0.4,1.99,1.69,0.3,13,No,0,0,0.3,1
1060,CH,0,235,w-235,1,1.69,1.99,0,0,0,0,0.619072,1.99,1.69,0.3,13,No,0,0,0.3,1
44,CH,0,236,w-236,4,1.79,2.09,0,0,0,0,0.967626,2.09,1.79,0.3,13,No,0,0,0.3,4
101,CH,0,236,w-236,2,1.75,1.99,0,0,0,0,0.868928,1.99,1.75,0.24,13,No,0,0,0.24,2
147,MM,1,236,w-236,7,1.75,1.99,0,0.4,0,0,0.4,1.59,1.75,-0.16,10,Yes,0.201005,0,0.24,0
236,CH,0,236,w-236,3,1.79,2.09,0,0,0,0,0.649594,2.09,1.79,0.3,13,No,0,0,0.3,3
334,MM,1,236,w-236,7,1.75,1.99,0,0.4,0,0,0.119538,1.59,1.75,-0.16,10,Yes,0.201005,0,0.24,0
379,MM,1,236,w-236,2,1.75,1.99,0,0,0,0,0.16384,1.99,1.75,0.24,13,No,0,0,0.24,2
391,MM,1,236,w-236,2,1.75,1.99,0,0,0,0,0.267737,1.99,1.75,0.24,13,No,0,0,0.24,2
408,MM,1,236,w-236,1,1.75,1.99,0,0,0,0,0.346778,1.99,1.75,0.24,13,No,0,0,0.24,1
486,CH,0,236,w-236,3,1.79,2.09,0,0,0,0,0.6,2.09,1.79,0.3,13,No,0,0,0.3,3
530,CH,0,236,w-236,7,1.75,1.99,0,0.4,0,0,0.6,1.59,1.75,-0.16,10,Yes,0.201005,0,0.24,0
531,MM,1,236,w-236,2,1.75,1.99,0,0,0,0,0.68,1.99,1.75,0.24,13,No,0,0,0.24,2
549,MM,1,236,w-236,2,1.75,1.99,0,0,0,0,0.087242,1.99,1.75,0.24,13,No,0,0,0.24,2
550,MM,1,236,w-236,7,1.75,1.99,0,0.4,0,0,0.069793,1.59,1.75,-0.16,10,Yes,0.201005,0,0.24,0
571,MM,1,236,w-236,3,1.79,2.09,0,0,0,0,0.077677,2.09,1.79,0.3,13,No,0,0,0.3,3
642,MM,1,236,w-236,2,1.75,1.99,0,0,0,0,0.60576,1.99,1.75,0.24,13,No,0,0,0.24,2
698,MM,1,236,w-236,3,1.79,2.09,0,0,0,0,0.007206,2.09,1.79,0.3,13,No,0,0,0.3,3
867,CH,0,236,w-236,7,1.75,1.99,0,0.4,0,0,0.507899,1.59,1.75,-0.16,10,Yes,0.201005,0,0.24,0
884,MM,1,236,w-236,7,1.75,1.99,0,0.4,0,0,0.4,1.59,1.75,-0.16,10,Yes,0.201005,0,0.24,0
913,CH,0,236,w-236,2,1.75,1.99,0,0,0,0,0.5,1.99,1.75,0.24,13,No,0,0,0.24,2
930,MM,1,236,w-236,3,1.79,2.09,0,0,0,0,0.16384,2.09,1.79,0.3,13,No,0,0,0.3,3
967,MM,1,236,w-236,1,1.75,1.99,0,0,0,0,0.54816,1.99,1.75,0.24,13,No,0,0,0.24,1
1017,CH,0,236,w-236,7,1.75,1.99,0,0.4,0,0,0.908732,1.59,1.75,-0.16,10,Yes,0.201005,0,0.24,0
1061,MM,1,236,w-236,1,1.75,1.99,0,0,0,0,0.695258,1.99,1.75,0.24,13,No,0,0,0.24,1
1,CH,0,237,w-237,1,1.75,1.99,0,0,0,0,0.5,1.99,1.75,0.24,13,No,0,0,0.24,1
45,MM,1,237,w-237,4,1.79,2.09,0,0,0,0,0.9741,2.09,1.79,0.3,13,No,0,0,0.3,4
91,CH,0,237,w-237,4,1.79,2.09,0,0,0,0,0.5,2.09,1.79,0.3,13,No,0,0,0.3,4
102,CH,0,237,w-237,2,1.75,1.99,0,0,0,0,0.895142,1.99,1.75,0.24,13,No,0,0,0.24,2
141,CH,0,237,w-237,1,1.75,1.99,0,0,0,0,0.52,1.99,1.75,0.24,13,No,0,0,0.24,1
206,CH,0,237,w-237,7,1.75,1.99,0,0.4,0,0,0.766528,1.59,1.75,-0.16,10,Yes,0.201005,0,0.24,0
335,MM,1,237,w-237,7,1.75,1.99,0,0.4,0,0,0.09563,1.59,1.75,-0.16,10,Yes,0.201005,0,0.24,0
375,MM,1,237,w-237,2,1.75,1.99,0,0,0,0,0.4,1.99,1.75,0.24,13,No,0,0,0.24,2
392,MM,1,237,w-237,2,1.75,1.99,0,0,0,0,0.214189,1.99,1.75,0.24,13,No,0,0,0.24,2
393,MM,1,237,w-237,2,1.75,1.99,0,0,0,0,0.171351,1.99,1.75,0.24,13,No,0,0,0.24,2
487,CH,0,237,w-237,2,1.75,1.99,0,0,0,0,0.68,1.99,1.75,0.24,13,No,0,0,0.24,2
532,CH,0,237,w-237,7,1.75,1.99,0,0.4,0,0,0.544,1.59,1.75,-0.16,10,Yes,0.201005,0,0.24,0
572,CH,0,237,w-237,3,1.79,2.09,0,0,0,0,0.062142,2.09,1.79,0.3,13,No,0,0,0.3,3
638,CH,0,237,w-237,3,1.79,2.09,0,0,0,0,0.540992,2.09,1.79,0.3,13,No,0,0,0.3,3
643,CH,0,237,w-237,2,1.75,1.99,0,0,0,0,0.484608,1.99,1.75,0.24,13,No,0,0,0.24,2
760,MM,1,237,w-237,2,1.75,1.99,0,0,0,0,0.5648,1.99,1.75,0.24,13,No,0,0,0.24,2
793,MM,1,237,w-237,1,1.75,1.99,0,0,0,0,0.104858,1.99,1.75,0.24,13,No,0,0,0.24,1
802,CH,0,237,w-237,3,1.79,2.09,0,0,0,0,0.5,2.09,1.79,0.3,13,No,0,0,0.3,3
833,MM,1,237,w-237,3,1.79,2.09,0,0,0,0,0.256,2.09,1.79,0.3,13,No,0,0,0.3,3
854,CH,0,237,w-237,1,1.75,1.99,0,0,0,0,0.895142,1.99,1.75,0.24,13,No,0,0,0.24,1
939,MM,1,237,w-237,2,1.75,1.99,0,0,0,0,0.086789,1.99,1.75,0.24,13,No,0,0,0.24,2
968,MM,1,237,w-237,1,1.75,1.99,0,0,0,0,0.438528,1.99,1.75,0.24,13,No,0,0,0.24,1
1018,CH,0,237,w-237,7,1.75,1.99,0,0.4,0,0,0.926986,1.59,1.75,-0.16,10,Yes,0.201005,0,0.24,0
1040,CH,0,237,w-237,7,1.75,1.99,0,0.4,0,0,0.32,1.59,1.75,-0.16,10,Yes,0.201005,0,0.24,0
1053,CH,0,237,w-237,7,1.75,1.99,0,0.4,0,0,0.740928,1.59,1.75,-0.16,10,Yes,0.201005,0,0.24,0
10,CH,0,238,w-238,7,1.75,1.99,0,0.4,0,0,0.985757,1.59,1.75,-0.16,10,Yes,0.201005,0,0.24,0
76,CH,0,238,w-238,4,1.79,2.09,0,0,0,0,0.744,2.09,1.79,0.3,13,No,0,0,0.3,4
237,CH,0,238,w-238,3,1.79,2.09,0,0,0,0,0.719675,2.09,1.79,0.3,13,No,0,0,0.3,3
317,MM,1,238,w-238,3,1.79,2.09,0,0,0,0,0.7952,2.09,1.79,0.3,13,No,0,0,0.3,3
336,MM,1,238,w-238,7,1.75,1.99,0,0.4,0,0,0.076504,1.59,1.75,-0.16,10,Yes,0.201005,0,0.24,0
415,MM,1,238,w-238,3,1.79,2.09,0,0,0,0,0.14535,2.09,1.79,0.3,13,No,0,0,0.3,3
488,CH,0,238,w-238,2,1.75,1.99,0,0,0,0,0.744,1.99,1.75,0.24,13,No,0,0,0.24,2
533,CH,0,238,w-238,4,1.79,2.09,0,0,0,0,0.6352,2.09,1.79,0.3,13,No,0,0,0.3,4
551,MM,1,238,w-238,2,1.75,1.99,0,0,0,0,0.055835,1.99,1.75,0.24,13,No,0,0,0.24,2
644,CH,0,238,w-238,2,1.75,1.99,0,0,0,0,0.587686,1.99,1.75,0.24,13,No,0,0,0.24,2
749,MM,1,238,w-238,7,1.75,1.99,0,0.4,0,0,0.2048,1.59,1.75,-0.16,10,Yes,0.201005,0,0.24,0
908,CH,0,238,w-238,1,1.75,1.99,0,0,0,0,0.16384,1.99,1.75,0.24,13,No,0,0,0.24,1
969,MM,1,238,w-238,1,1.75,1.99,0,0,0,0,0.350822,1.99,1.75,0.24,13,No,0,0,0.24,1
1005,MM,1,238,w-238,3,1.79,2.09,0,0,0,0,0.104858,2.09,1.79,0.3,13,No,0,0,0.3,3
1041,CH,0,238,w-238,1,1.75,1.99,0,0,0,0,0.456,1.99,1.75,0.24,13,No,0,0,0.24,1
1042,CH,0,238,w-238,1,1.75,1.99,0,0,0,0,0.5648,1.99,1.75,0.24,13,No,0,0,0.24,1
1054,CH,0,238,w-238,7,1.75,1.99,0,0.4,0,0,0.792742,1.59,1.75,-0.16,10,Yes,0.201005,0,0.24,0
2,CH,0,239,w-239,1,1.75,1.99,0,0.3,0,1,0.6,1.69,1.75,-0.06,10,No,0.150754,0,0.24,1
77,CH,0,239,w-239,4,1.79,2.23,0,0,0,0,0.7952,2.23,1.79,0.44,13,No,0,0,0.44,4
175,CH,0,239,w-239,7,1.79,2.09,0,0,0,0,0.982408,2.09,1.79,0.3,13,Yes,0,0,0.3,0
276,MM,1,239,w-239,3,1.79,2.23,0,0,0,0,0.017592,2.23,1.79,0.44,13,No,0,0,0.44,3
394,CH,0,239,w-239,7,1.79,2.09,0,0,0,0,0.137081,2.09,1.79,0.3,13,Yes,0,0,0.3,0
489,CH,0,239,w-239,3,1.79,2.23,0,0,0,0,0.7952,2.23,1.79,0.44,13,No,0,0,0.44,3
534,CH,0,239,w-239,2,1.75,1.99,0,0.3,0,1,0.70816,1.69,1.75,-0.06,10,No,0.150754,0,0.24,2
552,MM,1,239,w-239,2,1.75,1.99,0,0.3,0,1,0.044668,1.69,1.75,-0.06,10,No,0.150754,0,0.24,2
634,CH,0,239,w-239,3,1.79,2.23,0,0,0,0,0.813222,2.23,1.79,0.44,13,No,0,0,0.44,3
645,CH,0,239,w-239,3,1.79,2.23,0,0,0,0,0.670149,2.23,1.79,0.44,13,No,0,0,0.44,3
970,MM,1,239,w-239,1,1.75,1.99,0,0.3,0,1,0.280658,1.69,1.75,-0.06,10,No,0.150754,0,0.24,1
994,MM,1,239,w-239,4,1.79,2.23,0,0,0,0,0.4,2.23,1.79,0.44,13,No,0,0,0.44,4
1043,CH,0,239,w-239,1,1.75,1.99,0,0.3,0,1,0.65184,1.69,1.75,-0.06,10,No,0.150754,0,0.24,1
11,CH,0,240,w-240,7,1.86,2.09,0,0,0,0,0.988606,2.09,1.86,0.23,13,Yes,0,0,0.23,0
17,MM,1,240,w-240,1,1.75,1.99,0,0.3,0,1,0.5,1.69,1.75,-0.06,10,No,0.150754,0,0.24,1
46,CH,0,240,w-240,4,1.79,2.23,0,0,0,0,0.77928,2.23,1.79,0.44,13,No,0,0,0.44,4
103,CH,0,240,w-240,2,1.75,1.99,0,0.3,0,1,0.916114,1.69,1.75,-0.06,10,No,0.150754,0,0.24,2
176,CH,0,240,w-240,4,1.79,2.23,0,0,0,0,0.985926,2.23,1.79,0.44,13,No,0,0,0.44,4
238,CH,0,240,w-240,7,1.86,2.09,0,0,0,0,0.77574,2.09,1.86,0.23,13,Yes,0,0,0.23,0
277,MM,1,240,w-240,3,1.79,2.23,0,0,0,0,0.014074,2.23,1.79,0.44,13,No,0,0,0.44,3
278,MM,1,240,w-240,3,1.79,2.23,0,0,0,0,0.011259,2.23,1.79,0.44,13,No,0,0,0.44,3
302,MM,1,240,w-240,2,1.75,1.99,0,0.3,0,1,0.439206,1.69,1.75,-0.06,10,No,0.150754,0,0.24,2
364,MM,1,240,w-240,4,1.79,2.23,0,0,0,0,0.5,2.23,1.79,0.44,13,No,0,0,0.44,4
395,MM,1,240,w-240,7,1.86,2.09,0,0,0,0,0.309665,2.09,1.86,0.23,13,Yes,0,0,0.23,0
490,CH,0,240,w-240,2,1.75,1.99,0,0.3,0,1,0.83616,1.69,1.75,-0.06,10,No,0.150754,0,0.24,2
504,CH,0,240,w-240,3,1.79,2.23,0,0,0,0,0.6928,2.23,1.79,0.44,13,No,0,0,0.44,3
573,MM,1,240,w-240,3,1.79,2.23,0,0,0,0,0.249713,2.23,1.79,0.44,13,No,0,0,0.44,3
646,CH,0,240,w-240,2,1.75,1.99,0,0.3,0,1,0.736119,1.69,1.75,-0.06,10,No,0.150754,0,0.24,2
681,MM,1,240,w-240,7,1.86,2.09,0,0,0,0,0.32,2.09,1.86,0.23,13,Yes,0,0,0.23,0
826,CH,0,240,w-240,4,1.79,2.23,0,0,0,0,0.893632,2.23,1.79,0.44,13,No,0,0,0.44,4
855,CH,0,240,w-240,7,1.86,2.09,0,0,0,0,0.916114,2.09,1.86,0.23,13,Yes,0,0,0.23,0
971,MM,1,240,w-240,1,1.75,1.99,0,0.3,0,1,0.224526,1.69,1.75,-0.06,10,No,0.150754,0,0.24,1
1019,CH,0,240,w-240,7,1.86,2.09,0,0,0,0,0.941588,2.09,1.86,0.23,13,Yes,0,0,0.23,0
1020,MM,1,240,w-240,7,1.86,2.09,0,0,0,0,0.953271,2.09,1.86,0.23,13,Yes,0,0,0.23,0
1044,CH,0,240,w-240,1,1.75,1.99,0,0.3,0,1,0.721472,1.69,1.75,-0.06,10,No,0.150754,0,0.24,1
95,CH,0,241,w-241,2,1.75,1.99,0,0.3,0,1,0.5,1.69,1.75,-0.06,10,No,0.150754,0,0.24,2
104,MM,1,241,w-241,2,1.75,1.99,0,0.3,0,1,0.932891,1.69,1.75,-0.06,10,No,0.150754,0,0.24,2
207,CH,0,241,w-241,7,1.86,2.09,0,0,0,0,0.813222,2.09,1.86,0.23,13,Yes,0,0,0.23,0
279,MM,1,241,w-241,3,1.79,2.23,0,0,0,0,0.009007,2.23,1.79,0.44,13,No,0,0,0.44,3
318,CH,0,241,w-241,3,1.79,2.23,0,0,0,0,0.63616,2.23,1.79,0.44,13,No,0,0,0.44,3
416,MM,1,241,w-241,3,1.79,2.23,0,0,0,0,0.11628,2.23,1.79,0.44,13,No,0,0,0.44,3
491,CH,0,241,w-241,3,1.79,2.23,0,0,0,0,0.868928,2.23,1.79,0.44,13,No,0,0,0.44,3
523,MM,1,241,w-241,1,1.86,1.99,0,0.3,0,1,0.5,1.69,1.86,-0.17,10,No,0.150754,0,0.13,1
553,CH,0,241,w-241,1,1.86,1.99,0,0.3,0,1,0.035734,1.69,1.86,-0.17,10,No,0.150754,0,0.13,1
635,CH,0,241,w-241,3,1.79,2.23,0,0,0,0,0.850578,2.23,1.79,0.44,13,No,0,0,0.44,3
647,CH,0,241,w-241,3,1.79,2.23,0,0,0,0,0.788895,2.23,1.79,0.44,13,No,0,0,0.44,3
699,MM,1,241,w-241,3,1.79,2.23,0,0,0,0,0.005765,2.23,1.79,0.44,13,No,0,0,0.44,3
755,MM,1,241,w-241,1,1.86,1.99,0,0.3,0,1,0.3648,1.69,1.86,-0.17,10,No,0.150754,0,0.13,1
791,MM,1,241,w-241,3,1.79,2.23,0,0,0,0,0.5,2.23,1.79,0.44,13,No,0,0,0.44,3
803,CH,0,241,w-241,3,1.79,2.23,0,0,0,0,0.6,2.23,1.79,0.44,13,No,0,0,0.44,3
834,MM,1,241,w-241,3,1.79,2.23,0,0,0,0,0.2048,2.23,1.79,0.44,13,No,0,0,0.44,3
972,MM,1,241,w-241,1,1.86,1.99,0,0.3,0,1,0.179621,1.69,1.86,-0.17,10,No,0.150754,0,0.13,1
1045,CH,0,241,w-241,1,1.86,1.99,0,0.3,0,1,0.777178,1.69,1.86,-0.17,10,No,0.150754,0,0.13,1
93,CH,0,242,w-242,4,1.99,2.23,0,0,0,0,0.5,2.23,1.99,0.24,13,No,0,0,0.24,4
140,CH,0,242,w-242,3,1.99,2.23,0,0,0,0,0.6,2.23,1.99,0.24,13,No,0,0,0.24,3
177,CH,0,242,w-242,7,1.86,2.09,0,0,0,0,0.988741,2.09,1.86,0.23,13,Yes,0,0,0.23,0
208,CH,0,242,w-242,7,1.86,2.09,0,0,0,0,0.850578,2.09,1.86,0.23,13,Yes,0,0,0.23,0
227,MM,1,242,w-242,3,1.99,2.23,0,0,0,0,0.5,2.23,1.99,0.24,13,No,0,0,0.24,3
280,MM,1,242,w-242,3,1.99,2.23,0,0,0,0,0.007206,2.23,1.99,0.24,13,No,0,0,0.24,3
303,MM,1,242,w-242,2,1.75,1.99,0.16,0.3,0,1,0.351365,1.69,1.59,0.1,13,No,0.150754,0.091429,0.24,2
337,MM,1,242,w-242,7,1.86,2.09,0,0,0,0,0.061203,2.09,1.86,0.23,13,Yes,0,0,0.23,0
380,MM,1,242,w-242,2,1.75,1.99,0.16,0.3,0,1,0.131072,1.69,1.59,0.1,13,No,0.150754,0.091429,0.24,2
396,MM,1,242,w-242,2,1.75,1.99,0.16,0.3,0,1,0.247732,1.69,1.59,0.1,13,No,0.150754,0.091429,0.24,2
425,CH,0,242,w-242,3,1.99,2.23,0,0,0,0,0.416,2.23,1.99,0.24,13,No,0,0,0.24,3
492,CH,0,242,w-242,2,1.75,1.99,0.16,0.3,0,1,0.895142,1.69,1.59,0.1,13,No,0.150754,0.091429,0.24,2
527,CH,0,242,w-242,3,1.99,2.23,0,0,0,0,0.6,2.23,1.99,0.24,13,No,0,0,0.24,3
628,MM,1,242,w-242,2,1.75,1.99,0.16,0.3,0,1,0.4,1.69,1.59,0.1,13,No,0.150754,0.091429,0.24,2
633,MM,1,242,w-242,1,1.86,1.99,0,0.3,0,1,0.3072,1.69,1.86,-0.17,10,No,0.150754,0,0.13,1
682,MM,1,242,w-242,3,1.99,2.23,0,0,0,0,0.256,2.23,1.99,0.24,13,No,0,0,0.24,3
735,MM,1,242,w-242,1,1.86,1.99,0,0.3,0,1,0.24576,1.69,1.86,-0.17,10,No,0.150754,0,0.13,1
761,CH,0,242,w-242,3,1.99,2.23,0,0,0,0,0.45184,2.23,1.99,0.24,13,No,0,0,0.24,3
856,CH,0,242,w-242,1,1.86,1.99,0,0.3,0,1,0.932891,1.69,1.86,-0.17,10,No,0.150754,0,0.13,1
931,CH,0,242,w-242,3,1.99,2.23,0,0,0,0,0.131072,2.23,1.99,0.24,13,No,0,0,0.24,3
973,CH,0,242,w-242,1,1.86,1.99,0,0.3,0,1,0.143697,1.69,1.86,-0.17,10,No,0.150754,0,0.13,1
1062,MM,1,242,w-242,1,1.86,1.99,0,0.3,0,1,0.556206,1.69,1.86,-0.17,10,No,0.150754,0,0.13,1
105,CH,0,243,w-243,2,1.86,2.09,0,0,0,1,0.746313,2.09,1.86,0.23,13,No,0,0,0.23,2
148,MM,1,243,w-243,7,1.86,2.09,0,0.2,0,0,0.32,1.89,1.86,0.03,13,Yes,0.095694,0,0.23,0
178,CH,0,243,w-243,4,1.99,2.23,0,0,0,0,0.990993,2.23,1.99,0.24,13,No,0,0,0.24,4
224,MM,1,243,w-243,1,1.86,1.99,0,0.8,0,1,0.4048,1.19,1.86,-0.67,10,No,0.40201,0,0.13,1
281,MM,1,243,w-243,3,1.99,2.23,0,0,0,0,0.005765,2.23,1.99,0.24,13,No,0,0,0.24,3
409,CH,0,243,w-243,1,1.86,1.99,0,0.8,0,1,0.277422,1.19,1.86,-0.67,10,No,0.40201,0,0.13,1
434,MM,1,243,w-243,1,1.86,1.99,0,0.8,0,1,0.6,1.19,1.86,-0.67,10,No,0.40201,0,0.13,1
439,MM,1,243,w-243,1,1.86,1.99,0,0.8,0,1,0.6,1.19,1.86,-0.67,10,No,0.40201,0,0.13,1
666,MM,1,243,w-243,1,1.86,1.99,0,0.8,0,1,0.4,1.19,1.86,-0.67,10,No,0.40201,0,0.13,1
683,MM,1,243,w-243,7,1.86,2.09,0,0.2,0,0,0.2048,1.89,1.86,0.03,13,Yes,0.095694,0,0.23,0
838,MM,1,243,w-243,1,1.86,1.99,0,0.8,0,1,0.32,1.19,1.86,-0.67,10,No,0.40201,0,0.13,1
974,MM,1,243,w-243,1,1.86,1.99,0,0.8,0,1,0.314957,1.19,1.86,-0.67,10,No,0.40201,0,0.13,1
995,MM,1,243,w-243,4,1.99,2.23,0,0,0,0,0.32,2.23,1.99,0.24,13,No,0,0,0.24,4
1055,CH,0,243,w-243,2,1.86,2.09,0,0,0,1,0.834194,2.09,1.86,0.23,13,No,0,0,0.23,2
47,CH,0,244,w-244,4,1.99,2.23,0,0,0,0,0.823424,2.23,1.99,0.24,13,No,0,0,0.24,4
94,CH,0,244,w-244,7,1.86,2.09,0,0.2,0,0,0.6,1.89,1.86,0.03,13,Yes,0.095694,0,0.23,0
149,MM,1,244,w-244,7,1.86,2.09,0,0.2,0,0,0.256,1.89,1.86,0.03,13,Yes,0.095694,0,0.23,0
179,CH,0,244,w-244,7,1.86,2.09,0,0.2,0,0,0.992794,1.89,1.86,0.03,13,Yes,0.095694,0,0.23,0
228,MM,1,244,w-244,3,1.99,2.23,0,0,0,0,0.4,2.23,1.99,0.24,13,No,0,0,0.24,3
282,MM,1,244,w-244,3,1.99,2.23,0,0,0,0,0.004612,2.23,1.99,0.24,13,No,0,0,0.24,3
365,MM,1,244,w-244,1,1.86,2.09,0,0,0,0,0.4,2.09,1.86,0.23,13,No,0,0,0.23,1
417,MM,1,244,w-244,7,1.86,2.09,0,0.2,0,0,0.093024,1.89,1.86,0.03,13,Yes,0.095694,0,0.23,0
505,CH,0,244,w-244,3,1.99,2.23,0,0,0,0,0.75424,2.23,1.99,0.24,13,No,0,0,0.24,3
636,CH,0,244,w-244,3,1.99,2.23,0,0,0,0,0.880462,2.23,1.99,0.24,13,No,0,0,0.24,3
773,MM,1,244,w-244,2,1.86,2.09,0,0,0,0,0.256,2.09,1.86,0.23,13,No,0,0,0.23,2
799,MM,1,244,w-244,7,1.86,2.09,0,0.2,0,0,0.52,1.89,1.86,0.03,13,Yes,0.095694,0,0.23,0
827,CH,0,244,w-244,4,1.99,2.23,0,0,0,0,0.914906,2.23,1.99,0.24,13,No,0,0,0.24,4
975,MM,1,244,w-244,1,1.86,2.09,0,0,0,0,0.251966,2.09,1.86,0.23,13,No,0,0,0.23,1
1021,MM,1,244,w-244,7,1.86,2.09,0,0.2,0,0,0.762617,1.89,1.86,0.03,13,Yes,0.095694,0,0.23,0
3,CH,0,245,w-245,1,1.86,2.09,0.17,0,0,0,0.68,2.09,1.69,0.4,13,No,0,0.091398,0.23,1
48,CH,0,245,w-245,4,1.99,2.23,0,0,0,0,0.858739,2.23,1.99,0.24,13,No,0,0,0.24,4
106,CH,0,245,w-245,2,1.89,2.09,0,0,0,0,0.79705,2.09,1.89,0.2,13,No,0,0,0.2,2
107,CH,0,245,w-245,1,1.86,2.09,0.17,0,0,0,0.83764,2.09,1.69,0.4,13,No,0,0.091398,0.23,1
150,MM,1,245,w-245,7,1.86,2.09,0,0.2,0,0,0.2048,1.89,1.86,0.03,13,Yes,0.095694,0,0.23,0
304,CH,0,245,w-245,2,1.89,2.09,0,0,0,0,0.281092,2.09,1.89,0.2,13,No,0,0,0.2,2
493,CH,0,245,w-245,3,1.99,2.23,0,0,0,0,0.916114,2.23,1.99,0.24,13,No,0,0,0.24,3
554,MM,1,245,w-245,2,1.89,2.09,0,0,0,0,0.228587,2.09,1.89,0.2,13,No,0,0,0.2,2
561,MM,1,245,w-245,2,1.89,2.09,0,0,0,0,0.5,2.09,1.89,0.2,13,No,0,0,0.2,2
700,MM,1,245,w-245,3,1.99,2.23,0,0,0,0,0.004612,2.23,1.99,0.24,13,No,0,0,0.24,3
774,MM,1,245,w-245,2,1.89,2.09,0,0,0,0,0.2048,2.09,1.89,0.2,13,No,0,0,0.2,2
1063,MM,1,245,w-245,7,1.86,2.09,0,0.2,0,0,0.444965,1.89,1.86,0.03,13,Yes,0.095694,0,0.23,0
31,CH,0,246,w-246,2,1.89,2.09,0,0,0,0,0.5,2.09,1.89,0.2,13,No,0,0,0.2,2
49,CH,0,246,w-246,4,1.99,2.23,0,0,0,0,0.886992,2.23,1.99,0.24,13,No,0,0,0.24,4
180,CH,0,246,w-246,4,1.99,2.23,0,0,0,0,0.994235,2.23,1.99,0.24,13,No,0,0,0.24,4
319,CH,0,246,w-246,3,1.99,2.23,0,0,0,0,0.708928,2.23,1.99,0.24,13,No,0,0,0.24,3
461,MM,1,246,w-246,2,1.89,2.09,0,0,0,0,0.48,2.09,1.89,0.2,13,No,0,0,0.2,2
475,MM,1,246,w-246,7,1.86,2.09,0,0,0,0,0.256,2.09,1.86,0.23,13,Yes,0,0,0.23,0
494,CH,0,246,w-246,3,1.99,2.23,0,0,0,0,0.5,2.23,1.99,0.24,13,No,0,0,0.24,3
631,CH,0,246,w-246,3,1.99,2.23,0,0,0,0,0.5,2.23,1.99,0.24,13,No,0,0,0.24,3
738,MM,1,246,w-246,3,1.99,2.23,0,0,0,0,0.384,2.23,1.99,0.24,13,No,0,0,0.24,3
857,CH,0,246,w-246,1,1.86,2.09,0,0,0,0,0.946313,2.09,1.86,0.23,13,No,0,0,0.23,1
916,MM,1,246,w-246,2,1.89,2.09,0,0,0,0,0.5,2.09,1.89,0.2,13,No,0,0,0.2,2
917,CH,0,246,w-246,2,1.89,2.09,0,0,0,0,0.4,2.09,1.89,0.2,13,No,0,0,0.2,2
976,MM,1,246,w-246,1,1.86,2.09,0,0,0,0,0.201573,2.09,1.86,0.23,13,No,0,0,0.23,1
50,CH,0,247,w-247,4,1.99,2.23,0,0,0,0,0.909593,2.23,1.99,0.24,13,No,0,0,0.24,4
229,MM,1,247,w-247,3,1.99,2.23,0,0,0,0,0.32,2.23,1.99,0.24,13,No,0,0,0.24,3
283,MM,1,247,w-247,3,1.99,2.23,0,0,0,0,0.003689,2.23,1.99,0.24,13,No,0,0,0.24,3
528,CH,0,247,w-247,2,1.89,2.09,0,0,0,0,0.68,2.09,1.89,0.2,13,No,0,0,0.2,2
569,MM,1,247,w-247,1,1.86,2.09,0,0,0,0,0.5,2.09,1.86,0.23,13,No,0,0,0.23,1
648,CH,0,247,w-247,3,1.99,2.23,0,0,0,0,0.831116,2.23,1.99,0.24,13,No,0,0,0.24,3
701,MM,1,247,w-247,3,1.99,2.23,0,0,0,0,0.003689,2.23,1.99,0.24,13,No,0,0,0.24,3
782,CH,0,247,w-247,1,1.86,2.09,0,0,0,0,0.66905,2.09,1.86,0.23,13,No,0,0,0.23,1
909,CH,0,247,w-247,1,1.86,2.09,0,0,0,0,0.331072,2.09,1.86,0.23,13,No,0,0,0.23,1
915,MM,1,247,w-247,2,1.89,2.09,0,0,0,0,0.68,2.09,1.89,0.2,13,No,0,0,0.2,2
51,MM,1,248,w-248,4,1.99,2.23,0,0,0,0,0.927675,2.23,1.99,0.24,13,No,0,0,0.24,4
108,CH,0,248,w-248,2,1.89,2.09,0,0,0,0,0.870112,2.09,1.89,0.2,13,No,0,0,0.2,2
109,CH,0,248,w-248,2,1.89,2.09,0,0,0,0,0.89609,2.09,1.89,0.2,13,No,0,0,0.2,2
284,MM,1,248,w-248,3,1.99,2.23,0,0,0,0,0.002951,2.23,1.99,0.24,13,No,0,0,0.24,3
506,CH,0,248,w-248,3,1.99,2.23,0,0,0,0,0.803392,2.23,1.99,0.24,13,No,0,0,0.24,3
639,MM,1,248,w-248,3,1.99,2.23,0,0,0,0,0.5,2.23,1.99,0.24,13,No,0,0,0.24,3
649,CH,0,248,w-248,3,1.99,2.23,0,0,0,0,0.864893,2.23,1.99,0.24,13,No,0,0,0.24,3
702,MM,1,248,w-248,3,1.99,2.23,0,0,0,0,0.002951,2.23,1.99,0.24,13,No,0,0,0.24,3
756,CH,0,248,w-248,2,1.89,2.09,0,0,0,0,0.29184,2.09,1.89,0.2,13,No,0,0,0.2,2
775,MM,1,248,w-248,2,1.89,2.09,0,0,0,0,0.16384,2.09,1.89,0.2,13,No,0,0,0.2,2
828,CH,0,248,w-248,1,1.86,2.09,0,0,0,0,0.931925,2.09,1.86,0.23,13,No,0,0,0.23,1
874,CH,0,248,w-248,4,1.99,2.23,0,0,0,0,0.5,2.23,1.99,0.24,13,No,0,0,0.24,4
52,CH,0,249,w-249,4,1.99,2.23,0,0,0,0,0.74214,2.23,1.99,0.24,13,No,0,0,0.24,4
110,CH,0,249,w-249,2,1.89,2.09,0,0,0,0,0.916872,2.09,1.89,0.2,13,No,0,0,0.2,2
111,CH,0,249,w-249,1,1.86,2.09,0,0,0,0,0.933497,2.09,1.86,0.23,13,No,0,0,0.23,1
181,CH,0,249,w-249,4,1.99,2.23,0,0,0,0,0.995388,2.23,1.99,0.24,13,No,0,0,0.24,4
507,CH,0,249,w-249,3,1.99,2.23,0,0,0,0,0.842714,2.23,1.99,0.24,13,No,0,0,0.24,3
650,CH,0,249,w-249,2,1.89,2.09,0,0,0,0,0.891914,2.09,1.89,0.2,13,No,0,0,0.2,2
703,MM,1,249,w-249,3,1.99,2.23,0,0,0,0,0.002361,2.23,1.99,0.24,13,No,0,0,0.24,3
940,MM,1,249,w-249,2,1.89,2.09,0,0,0,0,0.069431,2.09,1.89,0.2,13,No,0,0,0.2,2
182,CH,0,250,w-250,7,1.86,2.09,0,0,0,0,0.996311,2.09,1.86,0.23,13,Yes,0,0,0.23,0
239,CH,0,250,w-250,7,1.86,2.09,0,0,0,0,0.820592,2.09,1.86,0.23,13,Yes,0,0,0.23,0
285,MM,1,250,w-250,3,1.99,2.23,0,0,0,0,0.002361,2.23,1.99,0.24,13,No,0,0,0.24,3
529,CH,0,250,w-250,2,1.89,2.09,0,0,0,0,0.744,2.09,1.89,0.2,13,No,0,0,0.2,2
578,CH,0,250,w-250,7,1.86,2.09,0,0,0,0,0.5,2.09,1.86,0.23,13,Yes,0,0,0.23,0
704,MM,1,250,w-250,3,1.99,2.23,0,0,0,0,0.001889,2.23,1.99,0.24,13,No,0,0,0.24,3
736,CH,0,250,w-250,7,1.86,2.09,0,0,0,0,0.196608,2.09,1.86,0.23,13,Yes,0,0,0.23,0
763,CH,0,250,w-250,2,1.89,2.09,0,0,0,0,0.6,2.09,1.89,0.2,13,No,0,0,0.2,2
783,CH,0,250,w-250,1,1.86,2.09,0,0,0,0,0.73524,2.09,1.86,0.23,13,No,0,0,0.23,1
941,MM,1,250,w-250,2,1.89,2.09,0,0,0,0,0.055545,2.09,1.89,0.2,13,No,0,0,0.2,2
35,CH,0,251,w-251,3,1.99,2.23,0,0,0,0,0.544,2.23,1.99,0.24,13,No,0,0,0.24,3
78,CH,0,251,w-251,4,1.99,2.23,0,0,0,0,0.83616,2.23,1.99,0.24,13,No,0,0,0.24,4
112,MM,1,251,w-251,3,1.99,2.23,0,0,0,0,0.946798,2.23,1.99,0.24,13,No,0,0,0.24,3
142,CH,0,251,w-251,4,1.99,2.23,0,0,0,0,0.5,2.23,1.99,0.24,13,No,0,0,0.24,4
183,CH,0,251,w-251,4,1.99,2.23,0,0,0,0,0.997049,2.23,1.99,0.24,13,No,0,0,0.24,4
225,CH,0,251,w-251,1,1.76,2.09,0,0,0,0,0.32384,2.09,1.76,0.33,13,No,0,0,0.33,1
320,CH,0,251,w-251,3,1.99,2.23,0,0,0,0,0.5,2.23,1.99,0.24,13,No,0,0,0.24,3
327,CH,0,251,w-251,1,1.76,2.09,0,0,0,0,0.456,2.09,1.76,0.33,13,No,0,0,0.33,1
341,CH,0,251,w-251,7,1.86,2.09,0.1,0,0,0,0.7952,2.09,1.76,0.33,13,Yes,0,0.053763,0.23,0
440,CH,0,251,w-251,1,1.76,2.09,0,0,0,0,0.48,2.09,1.76,0.33,13,No,0,0,0.33,1
555,CH,0,251,w-251,2,1.89,2.09,0.13,0,0,0,0.18287,2.09,1.76,0.33,13,No,0,0.068783,0.2,2
590,CH,0,251,w-251,7,1.86,2.09,0.1,0,0,0,0.48,2.09,1.76,0.33,13,Yes,0,0.053763,0.23,0
611,MM,1,251,w-251,7,1.86,2.09,0.1,0,0,0,0.6,2.09,1.76,0.33,13,Yes,0,0.053763,0.23,0
651,CH,0,251,w-251,2,1.89,2.09,0.13,0,0,0,0.913532,2.09,1.76,0.33,13,No,0,0.068783,0.2,2
829,CH,0,251,w-251,4,1.99,2.23,0,0,0,0,0.94554,2.23,1.99,0.24,13,No,0,0,0.24,4
837,CH,0,251,w-251,4,1.99,2.23,0,0,0,0,0.48,2.23,1.99,0.24,13,No,0,0,0.24,4
858,CH,0,251,w-251,7,1.86,2.09,0.1,0,0,0,0.95705,2.09,1.76,0.33,13,Yes,0,0.053763,0.23,0
875,CH,0,251,w-251,4,1.99,2.23,0,0,0,0,0.6,2.23,1.99,0.24,13,No,0,0,0.24,4
933,CH,0,251,w-251,4,1.99,2.23,0,0,0,0,0.6,2.23,1.99,0.24,13,No,0,0,0.24,4
942,MM,1,251,w-251,2,1.89,2.09,0.13,0,0,0,0.044436,2.09,1.76,0.33,13,No,0,0.068783,0.2,2
1064,CH,0,251,w-251,1,1.76,2.09,0,0,0,0,0.355972,2.09,1.76,0.33,13,No,0,0,0.33,1
1065,CH,0,251,w-251,7,1.86,2.09,0.1,0,0,0,0.484778,2.09,1.76,0.33,13,Yes,0,0.053763,0.23,0
53,CH,0,252,w-252,4,1.99,2.23,0,0,0,0,0.793712,2.23,1.99,0.24,13,No,0,0,0.24,4
79,CH,0,252,w-252,2,1.89,2.09,0.13,0,0,0,0.868928,2.09,1.76,0.33,13,No,0,0.068783,0.2,2
88,CH,0,252,w-252,4,1.99,2.23,0,0,0,0,0.68,2.23,1.99,0.24,13,No,0,0,0.24,4
151,MM,1,252,w-252,7,1.86,2.09,0.1,0,0,0,0.16384,2.09,1.76,0.33,13,Yes,0,0.053763,0.23,0
358,MM,1,252,w-252,4,1.99,2.23,0,0,0,0,0.5,2.23,1.99,0.24,13,No,0,0,0.24,4
508,CH,0,252,w-252,3,1.99,2.23,0,0,0,0,0.874171,2.23,1.99,0.24,13,No,0,0,0.24,3
739,MM,1,252,w-252,3,1.99,2.23,0,0,0,0,0.3072,2.23,1.99,0.24,13,No,0,0,0.24,3
835,MM,1,252,w-252,3,1.99,2.23,0,0,0,0,0.16384,2.23,1.99,0.24,13,No,0,0,0.24,3
891,CH,0,252,w-252,7,1.86,2.09,0.1,0,0,0,0.5,2.09,1.76,0.33,13,Yes,0,0.053763,0.23,0
1022,CH,0,252,w-252,2,1.89,2.09,0.13,0,0,0,0.610093,2.09,1.76,0.33,13,No,0,0.068783,0.2,2
1046,CH,0,252,w-252,1,1.76,2.09,0,0,0,0,0.821742,2.09,1.76,0.33,13,No,0,0,0.33,1
1066,CH,0,252,w-252,7,1.86,2.09,0.1,0,0,0,0.587822,2.09,1.76,0.33,13,Yes,0,0.053763,0.23,0
113,CH,0,253,w-253,2,1.89,2.09,0.13,0,0,0,0.757438,2.09,1.76,0.33,13,No,0,0.068783,0.2,2
209,CH,0,253,w-253,7,1.86,2.09,0.1,0,0,0,0.880462,2.09,1.76,0.33,13,Yes,0,0.053763,0.23,0
226,MM,1,253,w-253,1,1.76,2.09,0,0,0,0,0.459072,2.09,1.76,0.33,13,No,0,0,0.33,1
286,MM,1,253,w-253,3,1.99,2.23,0,0,0,0,0.001889,2.23,1.99,0.24,13,No,0,0,0.24,3
305,MM,1,253,w-253,3,1.99,2.23,0,0,0,0,0.424874,2.23,1.99,0.24,13,No,0,0,0.24,3
342,CH,0,253,w-253,7,1.86,2.09,0.1,0,0,0,0.83616,2.09,1.76,0.33,13,Yes,0,0.053763,0.23,0
476,CH,0,253,w-253,7,1.86,2.09,0.1,0,0,0,0.4,2.09,1.76,0.33,13,Yes,0,0.053763,0.23,0
482,CH,0,253,w-253,2,1.89,2.09,0.13,0,0,0,0.6,2.09,1.76,0.33,13,No,0,0.068783,0.2,2
564,CH,0,253,w-253,1,1.76,2.09,0,0,0,0,0.5,2.09,1.76,0.33,13,No,0,0,0.33,1
570,MM,1,253,w-253,1,1.76,2.09,0,0,0,0,0.4,2.09,1.76,0.33,13,No,0,0,0.33,1
591,CH,0,253,w-253,7,1.86,2.09,0.1,0,0,0,0.584,2.09,1.76,0.33,13,Yes,0,0.053763,0.23,0
661,CH,0,253,w-253,1,1.76,2.09,0,0,0,0,0.6,2.09,1.76,0.33,13,No,0,0,0.33,1
740,CH,0,253,w-253,3,1.99,2.23,0,0,0,0,0.24576,2.23,1.99,0.24,13,No,0,0,0.24,3
764,CH,0,253,w-253,2,1.89,2.09,0.13,0,0,0,0.68,2.09,1.76,0.33,13,No,0,0.068783,0.2,2
859,CH,0,253,w-253,7,1.86,2.09,0.1,0,0,0,0.96564,2.09,1.76,0.33,13,Yes,0,0.053763,0.23,0
892,CH,0,253,w-253,7,1.86,2.09,0.1,0,0,0,0.6,2.09,1.76,0.33,13,Yes,0,0.053763,0.23,0
991,MM,1,253,w-253,7,1.86,2.09,0.1,0,0,0,0.5,2.09,1.76,0.33,13,Yes,0,0.053763,0.23,0
1047,CH,0,253,w-253,1,1.76,2.09,0,0,0,0,0.857394,2.09,1.76,0.33,13,No,0,0,0.33,1
20,CH,0,254,w-254,7,1.86,2.18,0,0,0,0,0.5,2.18,1.86,0.32,13,Yes,0,0,0.32,0
54,MM,1,254,w-254,4,1.99,2.29,0,0,1,0,0.834969,2.29,1.99,0.3,13,No,0,0,0.3,4
114,CH,0,254,w-254,2,1.89,2.09,0.13,0,0,0,0.805951,2.09,1.76,0.33,13,No,0,0.068783,0.2,2
184,CH,0,254,w-254,4,1.99,2.29,0,0,1,0,0.997639,2.29,1.99,0.3,13,No,0,0,0.3,4
240,CH,0,254,w-254,7,1.86,2.18,0,0,0,0,0.856474,2.18,1.86,0.32,13,Yes,0,0,0.32,0
338,MM,1,254,w-254,7,1.86,2.18,0,0,0,0,0.048963,2.18,1.86,0.32,13,Yes,0,0,0.32,0
343,CH,0,254,w-254,1,1.76,2.09,0,0,0,0,0.868928,2.09,1.76,0.33,13,No,0,0,0.33,1
381,CH,0,254,w-254,2,1.89,2.09,0.13,0,0,0,0.104858,2.09,1.76,0.33,13,No,0,0.068783,0.2,2
535,CH,0,254,w-254,7,1.86,2.18,0,0,0,0,0.766528,2.18,1.86,0.32,13,Yes,0,0,0.32,0
580,CH,0,254,w-254,7,1.86,2.18,0,0,0,0,0.5,2.18,1.86,0.32,13,Yes,0,0,0.32,0
592,CH,0,254,w-254,7,1.86,2.18,0,0,0,0,0.6672,2.18,1.86,0.32,13,Yes,0,0,0.32,0
593,CH,0,254,w-254,7,1.86,2.18,0,0,0,0,0.73376,2.18,1.86,0.32,13,Yes,0,0,0.32,0
652,CH,0,254,w-254,2,1.89,2.09,0.13,0,0,0,0.930825,2.09,1.76,0.33,13,No,0,0.068783,0.2,2
670,CH,0,254,w-254,4,1.99,2.29,0,0,1,0,0.5,2.29,1.99,0.3,13,No,0,0,0.3,4
684,MM,1,254,w-254,7,1.86,2.18,0,0,0,0,0.16384,2.18,1.86,0.32,13,Yes,0,0,0.32,0
705,MM,1,254,w-254,3,1.99,2.29,0,0,1,0,0.001511,2.29,1.99,0.3,13,No,0,0,0.3,3
876,CH,0,254,w-254,4,1.99,2.29,0,0,1,0,0.68,2.29,1.99,0.3,13,No,0,0,0.3,4
893,CH,0,254,w-254,7,1.86,2.18,0,0,0,0,0.68,2.18,1.86,0.32,13,Yes,0,0,0.32,0
982,CH,0,254,w-254,7,1.86,2.18,0,0,0,0,0.52,2.18,1.86,0.32,13,Yes,0,0,0.32,0
999,CH,0,254,w-254,7,1.86,2.18,0,0,0,0,0.544,2.18,1.86,0.32,13,Yes,0,0,0.32,0
1023,MM,1,254,w-254,4,1.99,2.29,0,0,1,0,0.688075,2.29,1.99,0.3,13,No,0,0,0.3,4
80,CH,0,255,w-255,4,1.99,2.29,0,0,0,0,0.895142,2.29,1.99,0.3,13,No,0,0,0.3,4
115,CH,0,255,w-255,2,1.89,2.18,0.13,0,0,0,0.844761,2.18,1.76,0.42,13,No,0,0.068783,0.29,2
143,MM,1,255,w-255,4,1.99,2.29,0,0,0,0,0.6,2.29,1.99,0.3,13,No,0,0,0.3,4
185,CH,0,255,w-255,4,1.99,2.29,0,0,0,0,0.998111,2.29,1.99,0.3,13,No,0,0,0.3,4
339,MM,1,255,w-255,7,1.86,2.18,0,0,0,0,0.03917,2.18,1.86,0.32,13,Yes,0,0,0.32,0
410,MM,1,255,w-255,7,1.86,2.18,0,0,0,0,0.421938,2.18,1.86,0.32,13,Yes,0,0,0.32,0
464,CH,0,255,w-255,7,1.86,2.18,0,0,0,0,0.6672,2.18,1.86,0.32,13,Yes,0,0,0.32,0
483,CH,0,255,w-255,2,1.89,2.18,0.13,0,0,0,0.68,2.18,1.76,0.42,13,No,0,0.068783,0.29,2
509,CH,0,255,w-255,3,1.99,2.29,0,0,0,0,0.899337,2.29,1.99,0.3,13,No,0,0,0.3,3
574,CH,0,255,w-255,3,1.99,2.29,0,0,0,0,0.199771,2.29,1.99,0.3,13,No,0,0,0.3,3
581,CH,0,255,w-255,7,1.86,2.18,0,0,0,0,0.6,2.18,1.86,0.32,13,Yes,0,0,0.32,0
594,CH,0,255,w-255,7,1.86,2.18,0,0,0,0,0.787008,2.18,1.86,0.32,13,Yes,0,0,0.32,0
706,MM,1,255,w-255,3,1.99,2.29,0,0,0,0,0.001209,2.29,1.99,0.3,13,No,0,0,0.3,3
943,MM,1,255,w-255,2,1.89,2.18,0.13,0,0,0,0.035549,2.18,1.76,0.42,13,No,0,0.068783,0.29,2
1048,CH,0,255,w-255,1,1.76,2.18,0,0,0,0,0.885915,2.18,1.76,0.42,13,No,0,0,0.42,1
36,CH,0,256,w-256,3,1.99,2.29,0,0,0,0,0.6352,2.29,1.99,0.3,13,No,0,0,0.3,3
55,CH,0,256,w-256,4,1.99,2.29,0,0,0,0,0.667976,2.29,1.99,0.3,13,No,0,0,0.3,4
56,CH,0,256,w-256,4,1.99,2.29,0,0,0,0,0.73438,2.29,1.99,0.3,13,No,0,0,0.3,4
210,CH,0,256,w-256,7,1.86,2.18,0,0,0,0,0.90437,2.18,1.86,0.32,13,Yes,0,0,0.32,0
306,MM,1,256,w-256,2,1.89,2.18,0.13,0,0,0,0.339899,2.18,1.76,0.42,13,No,0,0.068783,0.29,2
367,MM,1,256,w-256,3,1.99,2.29,0,0,0,0,0.32,2.29,1.99,0.3,13,No,0,0,0.3,3
441,CH,0,256,w-256,1,1.76,2.18,0,0,0,0,0.584,2.18,1.76,0.42,13,No,0,0,0.42,1
448,CH,0,256,w-256,7,1.86,2.18,0,0,0,0,0.619686,2.18,1.86,0.32,13,Yes,0,0,0.32,0
575,MM,1,256,w-256,3,1.99,2.29,0,0,0,0,0.359817,2.29,1.99,0.3,13,No,0,0,0.3,3
595,CH,0,256,w-256,7,1.86,2.18,0,0,0,0,0.829606,2.18,1.86,0.32,13,Yes,0,0,0.32,0
629,CH,0,256,w-256,2,1.89,2.18,0.13,0,0,0,0.32,2.18,1.76,0.42,13,No,0,0.068783,0.29,2
667,MM,1,256,w-256,2,1.89,2.18,0.13,0,0,0,0.4,2.18,1.76,0.42,13,No,0,0.068783,0.29,2
685,MM,1,256,w-256,7,1.86,2.18,0,0,0,0,0.131072,2.18,1.86,0.32,13,Yes,0,0,0.32,0
707,MM,1,256,w-256,3,1.99,2.29,0,0,0,0,0.000967,2.29,1.99,0.3,13,No,0,0,0.3,3
741,CH,0,256,w-256,3,1.99,2.29,0,0,0,0,0.396608,2.29,1.99,0.3,13,No,0,0,0.3,3
758,MM,1,256,w-256,2,1.89,2.18,0.13,0,0,0,0.5,2.18,1.76,0.42,13,No,0,0.068783,0.29,2
765,CH,0,256,w-256,2,1.89,2.18,0.13,0,0,0,0.744,2.18,1.76,0.42,13,No,0,0.068783,0.29,2
804,CH,0,256,w-256,7,1.86,2.18,0,0,0,0,0.5,2.18,1.86,0.32,13,Yes,0,0,0.32,0
863,CH,0,256,w-256,7,1.86,2.18,0,0,0,0,0.4,2.18,1.86,0.32,13,Yes,0,0,0.32,0
877,CH,0,256,w-256,4,1.99,2.29,0,0,0,0,0.744,2.29,1.99,0.3,13,No,0,0,0.3,4
894,CH,0,256,w-256,7,1.86,2.18,0,0,0,0,0.744,2.18,1.86,0.32,13,Yes,0,0,0.32,0
944,MM,1,256,w-256,3,1.99,2.29,0,0,0,0,0.028439,2.29,1.99,0.3,13,No,0,0,0.3,3
945,MM,1,256,w-256,2,1.89,2.18,0.13,0,0,0,0.022751,2.18,1.76,0.42,13,No,0,0.068783,0.29,2
1024,CH,0,256,w-256,2,1.89,2.18,0.13,0,0,0,0.55046,2.18,1.76,0.42,13,No,0,0.068783,0.29,2
1049,CH,0,256,w-256,1,1.76,2.18,0,0,0,0,0.908732,2.18,1.76,0.42,13,No,0,0,0.42,1
1067,CH,0,256,w-256,7,1.86,2.18,0,0,0,0,0.670258,2.18,1.86,0.32,13,Yes,0,0,0.32,0
21,CH,0,257,w-257,7,1.86,2.18,0,0,0,0,0.6,2.18,1.86,0.32,13,Yes,0,0,0.32,0
57,CH,0,257,w-257,4,1.99,2.29,0,0.4,0,1,0.787504,1.89,1.99,-0.1,10,No,0.174672,0,0.3,4
116,CH,0,257,w-257,3,1.99,2.29,0,0.4,0,1,0.875808,1.89,1.99,-0.1,10,No,0.174672,0,0.3,3
117,CH,0,257,w-257,2,1.86,2.18,0,0,0,0,0.900647,2.18,1.86,0.32,13,No,0,0,0.32,2
186,CH,0,257,w-257,4,1.99,2.29,0,0.4,0,1,0.998489,1.89,1.99,-0.1,10,No,0.174672,0,0.3,4
241,CH,0,257,w-257,7,1.86,2.18,0,0,0,0,0.885179,2.18,1.86,0.32,13,Yes,0,0,0.32,0
258,CH,0,257,w-257,2,1.86,2.18,0,0,0,0,0.5,2.18,1.86,0.32,13,No,0,0,0.32,2
321,CH,0,257,w-257,3,1.99,2.29,0,0.4,0,1,0.6,1.89,1.99,-0.1,10,No,0.174672,0,0.3,3
382,CH,0,257,w-257,2,1.86,2.18,0,0,0,0,0.283886,2.18,1.86,0.32,13,No,0,0,0.32,2
397,CH,0,257,w-257,7,1.86,2.18,0,0,0,0,0.198186,2.18,1.86,0.32,13,Yes,0,0,0.32,0
418,MM,1,257,w-257,3,1.99,2.29,0,0.4,0,1,0.074419,1.89,1.99,-0.1,10,No,0.174672,0,0.3,3
435,MM,1,257,w-257,4,1.99,2.29,0,0.4,0,1,0.48,1.89,1.99,-0.1,10,No,0.174672,0,0.3,4
442,CH,0,257,w-257,1,1.76,2.18,0,0,0,0,0.6672,2.18,1.76,0.42,13,No,0,0,0.42,1
520,CH,0,257,w-257,2,1.86,2.18,0,0,0,0,0.6,2.18,1.86,0.32,13,No,0,0,0.32,2
596,CH,0,257,w-257,7,1.86,2.18,0,0,0,0,0.863685,2.18,1.86,0.32,13,Yes,0,0,0.32,0
708,MM,1,257,w-257,3,1.99,2.29,0,0.4,0,1,0.000774,1.89,1.99,-0.1,10,No,0.174672,0,0.3,3
794,MM,1,257,w-257,1,1.76,2.18,0,0,0,0,0.083886,2.18,1.76,0.42,13,No,0,0,0.42,1
895,CH,0,257,w-257,7,1.86,2.18,0,0,0,0,0.7952,2.18,1.86,0.32,13,Yes,0,0,0.32,0
1068,MM,1,257,w-257,7,1.86,2.18,0,0,0,0,0.736206,2.18,1.86,0.32,13,Yes,0,0,0.32,0
22,CH,0,258,w-258,1,1.76,2.18,0,0,0,0,0.68,2.18,1.76,0.42,13,No,0,0,0.42,1
37,CH,0,258,w-258,1,1.76,2.18,0,0,0,0,0.70816,2.18,1.76,0.42,13,No,0,0,0.42,1
58,CH,0,258,w-258,4,1.99,2.29,0,0,0,0,0.830003,2.29,1.99,0.3,13,No,0,0,0.3,4
59,CH,0,258,w-258,7,1.86,2.18,0,0,0,0,0.864003,2.18,1.86,0.32,13,Yes,0,0,0.32,0
118,CH,0,258,w-258,2,1.86,2.18,0,0,0,0,0.920517,2.18,1.86,0.32,13,No,0,0,0.32,2
211,CH,0,258,w-258,7,1.86,2.18,0,0,0,0,0.923496,2.18,1.86,0.32,13,Yes,0,0,0.32,0
242,CH,0,258,w-258,7,1.86,2.18,0,0,0,0,0.908143,2.18,1.86,0.32,13,Yes,0,0,0.32,0
368,MM,1,258,w-258,2,1.86,2.18,0,0,0,0,0.256,2.18,1.86,0.32,13,No,0,0,0.32,2
376,CH,0,258,w-258,1,1.76,2.18,0,0,0,0,0.32,2.18,1.76,0.42,13,No,0,0,0.42,1
398,MM,1,258,w-258,7,1.86,2.18,0,0,0,0,0.358548,2.18,1.86,0.32,13,Yes,0,0,0.32,0
419,MM,1,258,w-258,2,1.86,2.18,0,0,0,0,0.059535,2.18,1.86,0.32,13,No,0,0,0.32,2
443,CH,0,258,w-258,1,1.76,2.18,0,0,0,0,0.73376,2.18,1.76,0.42,13,No,0,0,0.42,1
510,CH,0,258,w-258,3,1.99,2.29,0,0,0,0,0.919469,2.29,1.99,0.3,13,No,0,0,0.3,3
556,CH,0,258,w-258,7,1.86,2.18,0,0,0,0,0.346296,2.18,1.86,0.32,13,Yes,0,0,0.32,0
582,CH,0,258,w-258,7,1.86,2.18,0,0,0,0,0.68,2.18,1.86,0.32,13,Yes,0,0,0.32,0
597,CH,0,258,w-258,7,1.86,2.18,0,0,0,0,0.890948,2.18,1.86,0.32,13,Yes,0,0,0.32,0
805,CH,0,258,w-258,1,1.76,2.18,0,0,0,0,0.6,2.18,1.76,0.42,13,No,0,0,0.42,1
878,MM,1,258,w-258,4,1.99,2.29,0,0,0,0,0.7952,2.29,1.99,0.3,13,No,0,0,0.3,4
896,CH,0,258,w-258,7,1.86,2.18,0,0,0,0,0.83616,2.18,1.86,0.32,13,Yes,0,0,0.32,0
946,MM,1,258,w-258,2,1.86,2.18,0,0,0,0,0.018201,2.18,1.86,0.32,13,No,0,0,0.32,2
996,MM,1,258,w-258,7,1.86,2.18,0,0,0,0,0.256,2.18,1.86,0.32,13,Yes,0,0,0.32,0
1025,CH,0,258,w-258,4,1.99,2.29,0,0,0,0,0.640368,2.29,1.99,0.3,13,No,0,0,0.3,4
23,CH,0,259,w-259,7,1.86,2.18,0,0,0,0,0.744,2.18,1.86,0.32,13,Yes,0,0,0.32,0
60,CH,0,259,w-259,4,1.99,2.29,0,0,0,0,0.891202,2.29,1.99,0.3,13,No,0,0,0.3,4
119,CH,0,259,w-259,3,1.99,2.29,0,0,0,0,0.936414,2.29,1.99,0.3,13,No,0,0,0.3,3
120,CH,0,259,w-259,2,1.86,2.18,0,0.4,0,1,0.949131,1.78,1.86,-0.08,10,No,0.183486,0,0.32,2
212,CH,0,259,w-259,7,1.86,2.18,0,0,0,0,0.938797,2.18,1.86,0.32,13,Yes,0,0,0.32,0
243,CH,0,259,w-259,7,1.86,2.18,0,0,0,0,0.926515,2.18,1.86,0.32,13,Yes,0,0,0.32,0
267,MM,1,259,w-259,2,1.86,2.18,0,0.4,0,1,0.6672,1.78,1.86,-0.08,10,No,0.183486,0,0.32,2
287,MM,1,259,w-259,3,1.99,2.29,0,0,0,0,0.001511,2.29,1.99,0.3,13,No,0,0,0.3,3
362,MM,1,259,w-259,7,1.86,2.18,0,0,0,0,0.4,2.18,1.86,0.32,13,Yes,0,0,0.32,0
420,MM,1,259,w-259,3,1.99,2.29,0,0,0,0,0.047628,2.29,1.99,0.3,13,No,0,0,0.3,3
521,CH,0,259,w-259,2,1.86,2.18,0,0.4,0,1,0.68,1.78,1.86,-0.08,10,No,0.183486,0,0.32,2
539,CH,0,259,w-259,7,1.86,2.18,0,0,0,0,0.32,2.18,1.86,0.32,13,Yes,0,0,0.32,0
542,CH,0,259,w-259,7,1.86,2.18,0,0,0,0,0.5,2.18,1.86,0.32,13,Yes,0,0,0.32,0
598,CH,0,259,w-259,7,1.86,2.18,0,0,0,0,0.912758,2.18,1.86,0.32,13,Yes,0,0,0.32,0
599,CH,0,259,w-259,7,1.86,2.18,0,0,0,0,0.930207,2.18,1.86,0.32,13,Yes,0,0,0.32,0
613,CH,0,259,w-259,7,1.86,2.18,0,0,0,0,0.36384,2.18,1.86,0.32,13,Yes,0,0,0.32,0
614,CH,0,259,w-259,7,1.86,2.18,0,0,0,0,0.491072,2.18,1.86,0.32,13,Yes,0,0,0.32,0
668,MM,1,259,w-259,2,1.86,2.18,0,0.4,0,1,0.32,1.78,1.86,-0.08,10,No,0.183486,0,0.32,2
686,MM,1,259,w-259,7,1.86,2.18,0,0,0,0,0.104858,2.18,1.86,0.32,13,Yes,0,0,0.32,0
709,MM,1,259,w-259,3,1.99,2.29,0,0,0,0,0.000619,2.29,1.99,0.3,13,No,0,0,0.3,3
710,MM,1,259,w-259,3,1.99,2.29,0,0,0,0,0.000495,2.29,1.99,0.3,13,No,0,0,0.3,3
742,CH,0,259,w-259,3,1.99,2.29,0,0,0,0,0.517286,2.29,1.99,0.3,13,No,0,0,0.3,3
743,CH,0,259,w-259,3,1.99,2.29,0,0,0,0,0.613829,2.29,1.99,0.3,13,No,0,0,0.3,3
759,MM,1,259,w-259,2,1.86,2.18,0,0.4,0,1,0.4,1.78,1.86,-0.08,10,No,0.183486,0,0.32,2
792,CH,0,259,w-259,2,1.86,2.18,0,0.4,0,1,0.4,1.78,1.86,-0.08,10,No,0.183486,0,0.32,2
795,MM,1,259,w-259,1,1.76,1.99,0,0.2,0,1,0.067109,1.79,1.76,0.03,13,No,0.100503,0,0.23,1
806,CH,0,259,w-259,7,1.86,2.18,0,0,0,0,0.68,2.18,1.86,0.32,13,Yes,0,0,0.32,0
807,CH,0,259,w-259,7,1.86,2.18,0,0,0,0,0.744,2.18,1.86,0.32,13,Yes,0,0,0.32,0
860,CH,0,259,w-259,1,1.76,1.99,0,0.2,0,1,0.972512,1.79,1.76,0.03,13,No,0.100503,0,0.23,1
897,CH,0,259,w-259,7,1.86,2.18,0,0,0,0,0.868928,2.18,1.86,0.32,13,Yes,0,0,0.32,0
947,MM,1,259,w-259,7,1.86,2.18,0,0,0,0,0.014561,2.18,1.86,0.32,13,Yes,0,0,0.32,0
61,CH,0,260,w-260,4,1.99,2.09,0,0,0,0,0.912962,2.09,1.99,0.1,13,No,0,0,0.1,4
121,CH,0,260,w-260,2,1.86,2.18,0,0.7,0,0,0.959305,1.48,1.86,-0.38,10,No,0.321101,0,0.32,2
187,CH,0,260,w-260,4,1.99,2.09,0,0,0,0,0.998791,2.09,1.99,0.1,13,No,0,0,0.1,4
213,CH,0,260,w-260,7,1.86,2.13,0,0.24,0,0,0.951037,1.89,1.86,0.03,13,Yes,0.112676,0,0.27,0
244,CH,0,260,w-260,7,1.86,2.13,0,0.24,0,0,0.941212,1.89,1.86,0.03,13,Yes,0.112676,0,0.27,0
344,CH,0,260,w-260,7,1.86,2.13,0,0.24,0,0,0.895142,1.89,1.86,0.03,13,Yes,0.112676,0,0.27,0
383,MM,1,260,w-260,2,1.86,2.18,0,0.7,0,0,0.427109,1.48,1.86,-0.38,10,No,0.321101,0,0.32,2
421,MM,1,260,w-260,3,1.99,2.09,0,0,0,0,0.038103,2.09,1.99,0.1,13,No,0,0,0.1,3
449,MM,1,260,w-260,3,1.99,2.09,0,0,0,0,0.695749,2.09,1.99,0.1,13,No,0,0,0.1,3
511,CH,0,260,w-260,3,1.99,2.09,0,0,0,0,0.935575,2.09,1.99,0.1,13,No,0,0,0.1,3
583,CH,0,260,w-260,7,1.86,2.13,0,0.24,0,0,0.744,1.89,1.86,0.03,13,Yes,0.112676,0,0.27,0
600,CH,0,260,w-260,7,1.86,2.13,0,0.24,0,0,0.944165,1.89,1.86,0.03,13,Yes,0.112676,0,0.27,0
601,CH,0,260,w-260,7,1.86,2.13,0,0.24,0,0,0.955332,1.89,1.86,0.03,13,Yes,0.112676,0,0.27,0
615,CH,0,260,w-260,7,1.86,2.13,0,0.24,0,0,0.592858,1.89,1.86,0.03,13,Yes,0.112676,0,0.27,0
630,MM,1,260,w-260,2,1.86,2.18,0,0.7,0,0,0.456,1.48,1.86,-0.38,10,No,0.321101,0,0.32,2
653,CH,0,260,w-260,2,1.86,2.18,0,0.7,0,0,0.94466,1.48,1.86,-0.38,10,No,0.321101,0,0.32,2
671,CH,0,260,w-260,1,1.76,1.99,0,0.2,0,0,0.6,1.79,1.76,0.03,13,No,0.100503,0,0.23,1
687,MM,1,260,w-260,7,1.86,2.13,0,0.24,0,0,0.083886,1.89,1.86,0.03,13,Yes,0.112676,0,0.27,0
711,MM,1,260,w-260,3,1.99,2.09,0,0,0,0,0.000396,2.09,1.99,0.1,13,No,0,0,0.1,3
766,CH,0,260,w-260,2,1.86,2.18,0,0.7,0,0,0.7952,1.48,1.86,-0.38,10,No,0.321101,0,0.32,2
778,MM,1,260,w-260,1,1.76,1.99,0,0.2,0,0,0.6,1.79,1.76,0.03,13,No,0.100503,0,0.23,1
868,MM,1,260,w-260,4,1.99,2.09,0,0,0,0,0.606319,2.09,1.99,0.1,13,No,0,0,0.1,4
879,CH,0,260,w-260,4,1.99,2.09,0,0,0,0,0.63616,2.09,1.99,0.1,13,No,0,0,0.1,4
898,CH,0,260,w-260,7,1.86,2.13,0,0.24,0,0,0.895142,1.89,1.86,0.03,13,Yes,0.112676,0,0.27,0
948,MM,1,260,w-260,3,1.99,2.09,0,0,0,0,0.011649,2.09,1.99,0.1,13,No,0,0,0.1,3
1006,MM,1,260,w-260,3,1.99,2.09,0,0,0,0,0.083886,2.09,1.99,0.1,13,No,0,0,0.1,3
1026,CH,0,260,w-260,7,1.86,2.13,0,0.24,0,0,0.712294,1.89,1.86,0.03,13,Yes,0.112676,0,0.27,0
1027,CH,0,260,w-260,7,1.86,2.13,0,0.24,0,0,0.769835,1.89,1.86,0.03,13,Yes,0.112676,0,0.27,0
1028,CH,0,260,w-260,1,1.76,1.99,0,0.2,0,0,0.815868,1.79,1.76,0.03,13,No,0.100503,0,0.23,1
122,CH,0,261,w-261,1,1.76,1.99,0,0,0,0,0.967444,1.99,1.76,0.23,13,No,0,0,0.23,1
123,CH,0,261,w-261,2,1.86,2.18,0,0,0,0,0.973955,2.18,1.86,0.32,13,No,0,0,0.32,2
144,MM,1,261,w-261,7,1.86,2.13,0,0.24,0,0,0.48,1.89,1.86,0.03,13,Yes,0.112676,0,0.27,0
188,CH,0,261,w-261,4,1.99,2.09,0,0,0,0,0.999033,2.09,1.99,0.1,13,No,0,0,0.1,4
245,CH,0,261,w-261,7,1.86,2.13,0,0.24,0,0,0.952969,1.89,1.86,0.03,13,Yes,0.112676,0,0.27,0
270,MM,1,261,w-261,2,1.86,2.18,0,0,0,0,0.53376,2.18,1.86,0.32,13,No,0,0,0.32,2
288,MM,1,261,w-261,3,1.99,2.09,0,0,0,0,0.001209,2.09,1.99,0.1,13,No,0,0,0.1,3
345,CH,0,261,w-261,7,1.86,2.13,0,0.24,0,0,0.916114,1.89,1.86,0.03,13,Yes,0.112676,0,0.27,0
363,MM,1,261,w-261,7,1.86,2.13,0,0.24,0,0,0.32,1.89,1.86,0.03,13,Yes,0.112676,0,0.27,0
411,MM,1,261,w-261,7,1.86,2.13,0,0.24,0,0,0.33755,1.89,1.86,0.03,13,Yes,0.112676,0,0.27,0
422,MM,1,261,w-261,3,1.99,2.09,0,0,0,0,0.030482,2.09,1.99,0.1,13,No,0,0,0.1,3
436,MM,1,261,w-261,1,1.76,1.99,0,0,0,0,0.384,1.99,1.76,0.23,13,No,0,0,0.23,1
444,CH,0,261,w-261,1,1.76,1.99,0,0,0,0,0.787008,1.99,1.76,0.23,13,No,0,0,0.23,1
602,CH,0,261,w-261,7,1.86,2.13,0,0.24,0,0,0.964266,1.89,1.86,0.03,13,Yes,0.112676,0,0.27,0
654,CH,0,261,w-261,2,1.86,2.18,0,0,0,0,0.955728,2.18,1.86,0.32,13,No,0,0,0.32,2
669,MM,1,261,w-261,2,1.86,2.18,0,0,0,0,0.256,2.18,1.86,0.32,13,No,0,0,0.32,2
767,CH,0,261,w-261,2,1.86,2.18,0,0,0,0,0.83616,2.18,1.86,0.32,13,No,0,0,0.32,2
1069,CH,0,261,w-261,7,1.86,2.13,0,0.24,0,0,0.588965,1.89,1.86,0.03,13,Yes,0.112676,0,0.27,0
189,CH,0,262,w-262,4,1.99,2.09,0,0,0,0,0.999226,2.09,1.99,0.1,13,No,0,0,0.1,4
246,CH,0,262,w-262,7,1.86,2.13,0,0,0,0,0.962375,2.13,1.86,0.27,13,Yes,0,0,0.27,0
307,MM,1,262,w-262,2,1.86,2.18,0,0.6,0,1,0.271919,1.58,1.86,-0.28,10,No,0.275229,0,0.32,2
331,MM,1,262,w-262,1,1.76,1.99,0,0.4,0,1,0.5,1.59,1.76,-0.17,10,No,0.201005,0,0.23,1
360,CH,0,262,w-262,4,1.99,2.09,0,0,0,0,0.6,2.09,1.99,0.1,13,No,0,0,0.1,4
427,CH,0,262,w-262,4,1.99,2.09,0,0,0,0,0.104858,2.09,1.99,0.1,13,No,0,0,0.1,4
450,MM,1,262,w-262,2,1.86,2.18,0,0.6,0,1,0.556599,1.58,1.86,-0.28,10,No,0.275229,0,0.32,2
497,MM,1,262,w-262,2,1.86,2.18,0,0.6,0,1,0.4,1.58,1.86,-0.28,10,No,0.275229,0,0.32,2
525,MM,1,262,w-262,1,1.76,1.99,0,0.4,0,1,0.5,1.59,1.76,-0.17,10,No,0.201005,0,0.23,1
603,CH,0,262,w-262,7,1.86,2.13,0,0,0,0,0.971413,2.13,1.86,0.27,13,Yes,0,0,0.27,0
604,CH,0,262,w-262,7,1.86,2.13,0,0,0,0,0.97713,2.13,1.86,0.27,13,Yes,0,0,0.27,0
616,CH,0,262,w-262,7,1.86,2.13,0,0,0,0,0.674286,2.13,1.86,0.27,13,Yes,0,0,0.27,0
617,CH,0,262,w-262,7,1.86,2.13,0,0,0,0,0.739429,2.13,1.86,0.27,13,Yes,0,0,0.27,0
640,MM,1,262,w-262,2,1.86,2.18,0,0.6,0,1,0.4,1.58,1.86,-0.28,10,No,0.275229,0,0.32,2
655,CH,0,262,w-262,3,1.99,2.09,0,0,0,0,0.964583,2.09,1.99,0.1,13,No,0,0,0.1,3
747,MM,1,262,w-262,1,1.76,1.99,0,0.4,0,1,0.6,1.59,1.76,-0.17,10,No,0.201005,0,0.23,1
796,MM,1,262,w-262,1,1.76,1.99,0,0.4,0,1,0.053687,1.59,1.76,-0.17,10,No,0.201005,0,0.23,1
808,CH,0,262,w-262,7,1.86,2.13,0,0,0,0,0.7952,2.13,1.86,0.27,13,Yes,0,0,0.27,0
839,MM,1,262,w-262,2,1.86,2.18,0,0.6,0,1,0.256,1.58,1.86,-0.28,10,No,0.275229,0,0.32,2
880,CH,0,262,w-262,4,1.99,2.09,0,0,0,0,0.708928,2.09,1.99,0.1,13,No,0,0,0.1,4
886,MM,1,262,w-262,1,1.76,1.99,0,0.4,0,1,0.68,1.59,1.76,-0.17,10,No,0.201005,0,0.23,1
899,CH,0,262,w-262,7,1.86,2.13,0,0,0,0,0.916114,2.13,1.86,0.27,13,Yes,0,0,0.27,0
949,MM,1,262,w-262,2,1.86,2.18,0,0.6,0,1,0.009319,1.58,1.86,-0.28,10,No,0.275229,0,0.32,2
983,MM,1,262,w-262,1,1.76,1.99,0,0.4,0,1,0.616,1.59,1.76,-0.17,10,No,0.201005,0,0.23,1
12,CH,0,263,w-263,7,1.86,2.13,0.27,0,0,0,0.990885,2.13,1.59,0.54,13,Yes,0,0.145161,0.27,0
62,CH,0,263,w-263,4,1.99,2.09,0,0,0,0,0.930369,2.09,1.99,0.1,13,No,0,0,0.1,4
81,CH,0,263,w-263,4,1.99,2.09,0,0,0,0,0.916114,2.09,1.99,0.1,13,No,0,0,0.1,4
124,CH,0,263,w-263,2,1.86,2.18,0,0,0,1,0.979164,2.18,1.86,0.32,13,No,0,0,0.32,2
157,CH,0,263,w-263,4,1.99,2.09,0,0,0,0,0.932891,2.09,1.99,0.1,13,No,0,0,0.1,4
214,CH,0,263,w-263,7,1.86,2.13,0.27,0,0,0,0.96083,2.13,1.59,0.54,13,Yes,0,0.145161,0.27,0
289,MM,1,263,w-263,3,1.99,2.09,0,0,0,0,0.000967,2.09,1.99,0.1,13,No,0,0,0.1,3
308,MM,1,263,w-263,2,1.86,2.18,0,0,0,1,0.217535,2.18,1.86,0.32,13,No,0,0,0.32,2
346,CH,0,263,w-263,7,1.86,2.13,0.27,0,0,0,0.932891,2.13,1.59,0.54,13,Yes,0,0.145161,0.27,0
451,MM,1,263,w-263,2,1.86,2.18,0,0,0,1,0.445279,2.18,1.86,0.32,13,No,0,0,0.32,2
512,CH,0,263,w-263,3,1.99,2.09,0,0,0,0,0.94846,2.09,1.99,0.1,13,No,0,0,0.1,3
526,MM,1,263,w-263,1,1.76,1.99,0,0.4,0,1,0.4,1.59,1.76,-0.17,10,No,0.201005,0,0.23,1
536,CH,0,263,w-263,7,1.86,2.13,0.27,0,0,0,0.813222,2.13,1.59,0.54,13,Yes,0,0.145161,0.27,0
584,CH,0,263,w-263,7,1.86,2.13,0.27,0,0,0,0.7952,2.13,1.59,0.54,13,Yes,0,0.145161,0.27,0
712,MM,1,263,w-263,3,1.99,2.09,0,0,0,0,0.000317,2.09,1.99,0.1,13,No,0,0,0.1,3
768,CH,0,263,w-263,7,1.86,2.13,0.27,0,0,0,0.868928,2.13,1.59,0.54,13,Yes,0,0.145161,0.27,0
797,MM,1,263,w-263,1,1.76,1.99,0,0.4,0,1,0.04295,1.59,1.76,-0.17,10,No,0.201005,0,0.23,1
950,MM,1,263,w-263,2,1.86,2.18,0,0,0,1,0.007455,2.18,1.86,0.32,13,No,0,0,0.32,2
1002,MM,1,263,w-263,2,1.86,2.18,0,0,0,1,0.32,2.18,1.86,0.32,13,No,0,0,0.32,2
1029,CH,0,263,w-263,7,1.86,2.13,0.27,0,0,0,0.852695,2.13,1.59,0.54,13,Yes,0,0.145161,0.27,0
24,CH,0,264,w-264,7,1.86,2.13,0.37,0,1,0,0.7952,2.13,1.49,0.64,13,Yes,0,0.198925,0.27,0
82,CH,0,264,w-264,4,1.99,2.09,0.1,0,0,0,0.932891,2.09,1.89,0.2,13,No,0,0.050251,0.1,4
125,MM,1,264,w-264,2,1.86,2.18,0,0,0,0,0.983331,2.18,1.86,0.32,13,No,0,0,0.32,2
158,CH,0,264,w-264,4,1.99,2.09,0.1,0,0,0,0.946313,2.09,1.89,0.2,13,No,0,0.050251,0.1,4
190,CH,0,264,w-264,4,1.99,2.09,0.1,0,0,0,0.999381,2.09,1.89,0.2,13,No,0,0.050251,0.1,4
215,CH,0,264,w-264,7,1.86,2.13,0.37,0,1,0,0.968664,2.13,1.49,0.64,13,Yes,0,0.198925,0.27,0
247,CH,0,264,w-264,7,1.86,2.13,0.37,0,1,0,0.9699,2.13,1.49,0.64,13,Yes,0,0.198925,0.27,0
259,MM,1,264,w-264,3,1.99,2.09,0.1,0,0,0,0.6,2.09,1.89,0.2,13,No,0,0.050251,0.1,3
290,MM,1,264,w-264,3,1.99,2.09,0.1,0,0,0,0.000774,2.09,1.89,0.2,13,No,0,0.050251,0.1,3
322,CH,0,264,w-264,3,1.99,2.09,0.1,0,0,0,0.68,2.09,1.89,0.2,13,No,0,0.050251,0.1,3
347,CH,0,264,w-264,7,1.86,2.13,0.37,0,1,0,0.946313,2.13,1.49,0.64,13,Yes,0,0.198925,0.27,0
369,CH,0,264,w-264,7,1.86,2.13,0.37,0,1,0,0.2048,2.13,1.49,0.64,13,Yes,0,0.198925,0.27,0
399,CH,0,264,w-264,7,1.86,2.13,0.37,0,1,0,0.286839,2.13,1.49,0.64,13,Yes,0,0.198925,0.27,0
428,CH,0,264,w-264,7,1.86,2.13,0.37,0,1,0,0.283886,2.13,1.49,0.64,13,Yes,0,0.198925,0.27,0
452,CH,0,264,w-264,7,1.86,2.13,0.37,0,1,0,0.356224,2.13,1.49,0.64,13,Yes,0,0.198925,0.27,0
484,CH,0,264,w-264,2,1.86,2.18,0,0,0,0,0.584,2.18,1.86,0.32,13,No,0,0,0.32,2
537,CH,0,264,w-264,7,1.86,2.13,0.37,0,1,0,0.850578,2.13,1.49,0.64,13,Yes,0,0.198925,0.27,0
585,CH,0,264,w-264,7,1.86,2.13,0.37,0,1,0,0.83616,2.13,1.49,0.64,13,Yes,0,0.198925,0.27,0
605,CH,0,264,w-264,7,1.86,2.13,0.37,0,1,0,0.981704,2.13,1.49,0.64,13,Yes,0,0.198925,0.27,0
618,CH,0,264,w-264,1,1.76,1.99,0,0.4,0,0,0.791543,1.59,1.76,-0.17,10,No,0.201005,0,0.23,1
713,MM,1,264,w-264,3,1.99,2.09,0.1,0,0,0,0.000254,2.09,1.89,0.2,13,No,0,0.050251,0.1,3
809,CH,0,264,w-264,7,1.86,2.13,0.37,0,1,0,0.83616,2.13,1.49,0.64,13,Yes,0,0.198925,0.27,0
881,CH,0,264,w-264,4,1.99,2.09,0.1,0,0,0,0.767142,2.09,1.89,0.2,13,No,0,0.050251,0.1,4
984,CH,0,264,w-264,7,1.86,2.13,0.37,0,1,0,0.4928,2.13,1.49,0.64,13,Yes,0,0.198925,0.27,0
32,CH,0,265,w-265,7,1.86,2.13,0.37,0,1,0,0.6,2.13,1.49,0.64,13,Yes,0,0.198925,0.27,0
63,MM,1,265,w-265,4,1.99,2.09,0.1,0,0,0,0.944296,2.09,1.89,0.2,13,No,0,0.050251,0.1,4
64,CH,0,265,w-265,4,1.99,2.09,0.1,0,0,0,0.755436,2.09,1.89,0.2,13,No,0,0.050251,0.1,4
126,CH,0,265,w-265,2,1.86,2.18,0,0,0,0,0.786665,2.18,1.86,0.32,13,No,0,0,0.32,2
159,CH,0,265,w-265,4,1.99,2.09,0.1,0,0,0,0.95705,2.09,1.89,0.2,13,No,0,0.050251,0.1,4
191,CH,0,265,w-265,4,1.99,2.09,0.1,0,0,0,0.999505,2.09,1.89,0.2,13,No,0,0.050251,0.1,4
216,CH,0,265,w-265,7,1.86,2.13,0.37,0,1,0,0.974931,2.13,1.49,0.64,13,Yes,0,0.198925,0.27,0
217,CH,0,265,w-265,7,1.86,2.13,0.37,0,1,0,0.979945,2.13,1.49,0.64,13,Yes,0,0.198925,0.27,0
260,MM,1,265,w-265,2,1.86,2.18,0,0,0,0,0.48,2.18,1.86,0.32,13,No,0,0,0.32,2
359,CH,0,265,w-265,4,1.99,2.09,0.1,0,0,0,0.4,2.09,1.89,0.2,13,No,0,0.050251,0.1,4
429,MM,1,265,w-265,7,1.86,2.13,0.37,0,1,0,0.427109,2.13,1.49,0.64,13,Yes,0,0.198925,0.27,0
437,CH,0,265,w-265,1,1.76,1.99,0,0.1,0,0,0.3072,1.89,1.76,0.13,13,No,0.050251,0,0.23,1
465,CH,0,265,w-265,7,1.86,2.13,0.37,0,1,0,0.73376,2.13,1.49,0.64,13,Yes,0,0.198925,0.27,0
586,CH,0,265,w-265,7,1.86,2.13,0.37,0,1,0,0.868928,2.13,1.49,0.64,13,Yes,0,0.198925,0.27,0
606,CH,0,265,w-265,7,1.86,2.13,0.37,0,1,0,0.985363,2.13,1.49,0.64,13,Yes,0,0.198925,0.27,0
619,CH,0,265,w-265,1,1.76,1.99,0,0.1,0,0,0.833234,1.89,1.76,0.13,13,No,0.050251,0,0.23,1
663,CH,0,265,w-265,7,1.86,2.13,0.37,0,1,0,0.4,2.13,1.49,0.64,13,Yes,0,0.198925,0.27,0
714,MM,1,265,w-265,3,1.99,2.09,0.1,0,0,0,0.000203,2.09,1.89,0.2,13,No,0,0.050251,0.1,3
810,CH,0,265,w-265,7,1.86,2.13,0.37,0,1,0,0.868928,2.13,1.49,0.64,13,Yes,0,0.198925,0.27,0
811,CH,0,265,w-265,7,1.86,2.13,0.37,0,1,0,0.895142,2.13,1.49,0.64,13,Yes,0,0.198925,0.27,0
887,CH,0,265,w-265,7,1.86,2.13,0.37,0,1,0,0.544,2.13,1.49,0.64,13,Yes,0,0.198925,0.27,0
900,CH,0,265,w-265,7,1.86,2.13,0.37,0,1,0,0.932891,2.13,1.49,0.64,13,Yes,0,0.198925,0.27,0
951,MM,1,265,w-265,2,1.86,2.18,0,0,0,0,0.005964,2.18,1.86,0.32,13,No,0,0,0.32,2
985,CH,0,265,w-265,7,1.86,2.13,0.37,0,1,0,0.59424,2.13,1.49,0.64,13,Yes,0,0.198925,0.27,0
1030,CH,0,265,w-265,7,1.86,2.13,0.37,0,1,0,0.882156,2.13,1.49,0.64,13,Yes,0,0.198925,0.27,0
1031,CH,0,265,w-265,7,1.86,2.13,0.37,0,1,0,0.905725,2.13,1.49,0.64,13,Yes,0,0.198925,0.27,0
65,CH,0,266,w-266,4,1.99,2.09,0.1,0,0,0,0.804349,2.09,1.89,0.2,13,No,0,0.050251,0.1,4
127,CH,0,266,w-266,1,1.86,1.99,0,0.1,0,0,0.829332,1.89,1.86,0.03,13,No,0.050251,0,0.13,1
128,CH,0,266,w-266,2,1.86,2.18,0,0,0,0,0.863466,2.18,1.86,0.32,13,No,0,0,0.32,2
160,CH,0,266,w-266,4,1.99,2.09,0.1,0,0,0,0.96564,2.09,1.89,0.2,13,No,0,0.050251,0.1,4
192,CH,0,266,w-266,7,1.86,2.13,0.37,0,1,0,0.999604,2.13,1.49,0.64,13,Yes,0,0.198925,0.27,0
248,CH,0,266,w-266,7,1.86,2.13,0.37,0,1,0,0.97592,2.13,1.49,0.64,13,Yes,0,0.198925,0.27,0
291,MM,1,266,w-266,3,1.99,2.09,0.1,0,0,0,0.000619,2.09,1.89,0.2,13,No,0,0.050251,0.1,3
328,CH,0,266,w-266,1,1.86,1.99,0,0.1,0,0,0.5648,1.89,1.86,0.03,13,No,0.050251,0,0.13,1
332,MM,1,266,w-266,1,1.86,1.99,0,0.1,0,0,0.4,1.89,1.86,0.03,13,No,0.050251,0,0.13,1
370,CH,0,266,w-266,2,1.86,2.18,0,0,0,0,0.36384,2.18,1.86,0.32,13,No,0,0,0.32,2
445,CH,0,266,w-266,1,1.86,1.99,0,0.1,0,0,0.829606,1.89,1.86,0.03,13,No,0.050251,0,0.13,1
477,CH,0,266,w-266,7,1.86,2.13,0.37,0,1,0,0.52,2.13,1.49,0.64,13,Yes,0,0.198925,0.27,0
478,CH,0,266,w-266,7,1.86,2.13,0.37,0,1,0,0.616,2.13,1.49,0.64,13,Yes,0,0.198925,0.27,0
513,CH,0,266,w-266,3,1.99,2.09,0.1,0,0,0,0.958768,2.09,1.89,0.2,13,No,0,0.050251,0.1,3
538,CH,0,266,w-266,4,1.99,2.09,0.1,0,0,0,0.880462,2.09,1.89,0.2,13,No,0,0.050251,0.1,4
565,CH,0,266,w-266,7,1.86,2.13,0.37,0,1,0,0.6,2.13,1.49,0.64,13,Yes,0,0.198925,0.27,0
607,CH,0,266,w-266,1,1.86,1.99,0,0.1,0,0,0.988291,1.89,1.86,0.03,13,No,0.050251,0,0.13,1
656,CH,0,266,w-266,2,1.86,2.18,0,0,0,0,0.971666,2.18,1.86,0.32,13,No,0,0,0.32,2
662,CH,0,266,w-266,7,1.86,2.13,0.37,0,1,0,0.68,2.13,1.49,0.64,13,Yes,0,0.198925,0.27,0
672,CH,0,266,w-266,1,1.86,1.99,0,0.1,0,0,0.68,1.89,1.86,0.03,13,No,0.050251,0,0.13,1
715,MM,1,266,w-266,3,1.99,2.09,0.1,0,0,0,0.000162,2.09,1.89,0.2,13,No,0,0.050251,0.1,3
754,CH,0,266,w-266,1,1.86,1.99,0,0.1,0,0,0.416,1.89,1.86,0.03,13,No,0.050251,0,0.13,1
812,CH,0,266,w-266,7,1.86,2.13,0.37,0,1,0,0.916114,2.13,1.49,0.64,13,Yes,0,0.198925,0.27,0
901,CH,0,266,w-266,7,1.86,2.13,0.37,0,1,0,0.946313,2.13,1.49,0.64,13,Yes,0,0.198925,0.27,0
918,MM,1,266,w-266,3,1.99,2.09,0.1,0,0,0,0.52,2.09,1.89,0.2,13,No,0,0.050251,0.1,3
952,MM,1,266,w-266,2,1.86,2.18,0,0,0,0,0.004771,2.18,1.86,0.32,13,No,0,0,0.32,2
66,CH,0,267,w-267,4,1.99,2.09,0.1,0,0,0,0.843479,2.09,1.89,0.2,13,No,0,0.050251,0.1,4
129,CH,0,267,w-267,2,1.86,2.18,0,0.4,0,1,0.890772,1.78,1.86,-0.08,10,No,0.183486,0,0.32,2
161,CH,0,267,w-267,4,1.99,2.09,0.1,0,0,0,0.972512,2.09,1.89,0.2,13,No,0,0.050251,0.1,4
193,CH,0,267,w-267,7,1.86,2.13,0,0,1,0,0.999683,2.13,1.86,0.27,13,Yes,0,0,0.27,0
218,CH,0,267,w-267,7,1.86,2.13,0,0,1,0,0.983956,2.13,1.86,0.27,13,Yes,0,0,0.27,0
261,MM,1,267,w-267,2,1.86,2.18,0,0.4,0,1,0.384,1.78,1.86,-0.08,10,No,0.183486,0,0.32,2
292,MM,1,267,w-267,3,1.99,2.09,0.1,0,0,0,0.000495,2.09,1.89,0.2,13,No,0,0.050251,0.1,3
329,MM,1,267,w-267,4,1.99,2.09,0.1,0,0,0,0.65184,2.09,1.89,0.2,13,No,0,0.050251,0.1,4
348,CH,0,267,w-267,7,1.86,2.13,0,0,1,0,0.95705,2.13,1.86,0.27,13,Yes,0,0,0.27,0
371,MM,1,267,w-267,1,1.86,1.99,0,0.2,0,1,0.491072,1.79,1.86,-0.07,10,No,0.100503,0,0.13,1
430,MM,1,267,w-267,4,1.99,2.09,0.1,0,0,0,0.341687,2.09,1.89,0.2,13,No,0,0.050251,0.1,4
453,CH,0,267,w-267,2,1.86,2.18,0,0.4,0,1,0.484979,1.78,1.86,-0.08,10,No,0.183486,0,0.32,2
466,CH,0,267,w-267,7,1.86,2.13,0,0,1,0,0.787008,2.13,1.86,0.27,13,Yes,0,0,0.27,0
479,CH,0,267,w-267,7,1.86,2.13,0,0,1,0,0.6928,2.13,1.86,0.27,13,Yes,0,0,0.27,0
495,MM,1,267,w-267,3,1.99,2.09,0.1,0,0,0,0.6,2.09,1.89,0.2,13,No,0,0.050251,0.1,3
498,MM,1,267,w-267,2,1.86,2.18,0,0.4,0,1,0.32,1.78,1.86,-0.08,10,No,0.183486,0,0.32,2
608,CH,0,267,w-267,7,1.86,2.13,0,0,1,0,0.990633,2.13,1.86,0.27,13,Yes,0,0,0.27,0
620,CH,0,267,w-267,7,1.86,2.13,0,0,1,0,0.866588,2.13,1.86,0.27,13,Yes,0,0,0.27,0
664,CH,0,267,w-267,7,1.86,2.13,0,0,1,0,0.52,2.13,1.86,0.27,13,Yes,0,0,0.27,0
673,MM,1,267,w-267,1,1.86,1.99,0,0.2,0,1,0.744,1.79,1.86,-0.07,10,No,0.100503,0,0.13,1
716,MM,1,267,w-267,3,1.99,2.09,0.1,0,0,0,0.00013,2.09,1.89,0.2,13,No,0,0.050251,0.1,3
717,MM,1,267,w-267,3,1.99,2.09,0.1,0,0,0,0.000104,2.09,1.89,0.2,13,No,0,0.050251,0.1,3
777,MM,1,267,w-267,2,1.86,2.18,0,0.4,0,1,0.68,1.78,1.86,-0.08,10,No,0.183486,0,0.32,2
813,CH,0,267,w-267,7,1.86,2.13,0,0,1,0,0.932891,2.13,1.86,0.27,13,Yes,0,0,0.27,0
882,CH,0,267,w-267,4,1.99,2.09,0.1,0,0,0,0.813714,2.09,1.89,0.2,13,No,0,0.050251,0.1,4
953,MM,1,267,w-267,2,1.86,2.18,0,0.4,0,1,0.003817,1.78,1.86,-0.08,10,No,0.183486,0,0.32,2
14,CH,0,268,w-268,7,1.86,2.13,0,0,0,0,0.68,2.13,1.86,0.27,13,Yes,0,0,0.27,0
18,MM,1,268,w-268,2,1.86,2.18,0,0,0,1,0.4,2.18,1.86,0.32,13,No,0,0,0.32,2
25,CH,0,268,w-268,7,1.86,2.13,0,0,0,0,0.83616,2.13,1.86,0.27,13,Yes,0,0,0.27,0
249,CH,0,268,w-268,7,1.86,2.13,0,0,0,0,0.980736,2.13,1.86,0.27,13,Yes,0,0,0.27,0
250,CH,0,268,w-268,7,1.86,2.13,0,0,0,0,0.984589,2.13,1.86,0.27,13,Yes,0,0,0.27,0
330,CH,0,268,w-268,7,1.86,2.13,0,0,0,0,0.4,2.13,1.86,0.27,13,Yes,0,0,0.27,0
349,CH,0,268,w-268,7,1.86,2.13,0,0,0,0,0.96564,2.13,1.86,0.27,13,Yes,0,0,0.27,0
454,CH,0,268,w-268,2,1.86,2.18,0,0,0,1,0.587983,2.18,1.86,0.32,13,No,0,0,0.32,2
637,CH,0,268,w-268,3,1.99,2.09,0.1,0,0,0,0.90437,2.09,1.89,0.2,13,No,0,0.050251,0.1,3
674,MM,1,268,w-268,1,1.86,1.99,0,0.2,0,1,0.5952,1.79,1.86,-0.07,10,No,0.100503,0,0.13,1
718,MM,1,268,w-268,3,1.99,2.09,0.1,0,0,0,8.30E-05,2.09,1.89,0.2,13,No,0,0.050251,0.1,3
814,CH,0,268,w-268,7,1.86,2.13,0,0,0,0,0.946313,2.13,1.86,0.27,13,Yes,0,0,0.27,0
840,MM,1,268,w-268,1,1.86,1.99,0,0.2,0,1,0.2048,1.79,1.86,-0.07,10,No,0.100503,0,0.13,1
841,CH,0,268,w-268,2,1.86,2.18,0,0,0,1,0.16384,2.18,1.86,0.32,13,No,0,0,0.32,2
869,CH,0,268,w-268,7,1.86,2.13,0,0,0,0,0.485055,2.13,1.86,0.27,13,Yes,0,0,0.27,0
920,CH,0,268,w-268,2,1.86,2.18,0,0,0,1,0.4,2.18,1.86,0.32,13,No,0,0,0.32,2
954,MM,1,268,w-268,3,1.99,2.09,0.1,0,0,0,0.003054,2.09,1.89,0.2,13,No,0,0.050251,0.1,3
19,MM,1,269,w-269,2,1.86,2.18,0,0,0,0,0.32,2.18,1.86,0.32,13,No,0,0,0.32,2
26,CH,0,269,w-269,7,1.86,2.13,0.27,0,1,0,0.868928,2.13,1.59,0.54,13,Yes,0,0.145161,0.27,0
67,MM,1,269,w-269,4,1.99,2.09,0.1,0,0,0,0.874783,2.09,1.89,0.2,13,No,0,0.050251,0.1,4
83,CH,0,269,w-269,4,1.99,2.09,0.1,0,0,0,0.946313,2.09,1.89,0.2,13,No,0,0.050251,0.1,4
92,CH,0,269,w-269,4,1.99,2.09,0.1,0,0,0,0.6,2.09,1.89,0.2,13,No,0,0.050251,0.1,4
162,CH,0,269,w-269,4,1.99,2.09,0.1,0,0,0,0.97801,2.09,1.89,0.2,13,No,0,0.050251,0.1,4
170,CH,0,269,w-269,2,1.86,2.18,0,0,0,0,0.6,2.18,1.86,0.32,13,No,0,0,0.32,2
194,CH,0,269,w-269,7,1.86,2.13,0.27,0,1,0,0.999746,2.13,1.59,0.54,13,Yes,0,0.145161,0.27,0
251,CH,0,269,w-269,7,1.86,2.13,0.27,0,1,0,0.987671,2.13,1.59,0.54,13,Yes,0,0.145161,0.27,0
309,CH,0,269,w-269,3,1.99,2.09,0.1,0,0,0,0.174028,2.09,1.89,0.2,13,No,0,0.050251,0.1,3
350,CH,0,269,w-269,7,1.86,2.13,0.27,0,1,0,0.972512,2.13,1.59,0.54,13,Yes,0,0.145161,0.27,0
467,CH,0,269,w-269,7,1.86,2.13,0.27,0,1,0,0.829606,2.13,1.59,0.54,13,Yes,0,0.145161,0.27,0
480,CH,0,269,w-269,7,1.86,2.13,0.27,0,1,0,0.75424,2.13,1.59,0.54,13,Yes,0,0.145161,0.27,0
514,CH,0,269,w-269,3,1.99,2.09,0.1,0,0,0,0.967015,2.09,1.89,0.2,13,No,0,0.050251,0.1,3
609,CH,0,269,w-269,7,1.86,2.13,0.27,0,1,0,0.992506,2.13,1.59,0.54,13,Yes,0,0.145161,0.27,0
621,CH,0,269,w-269,7,1.86,2.13,0.27,0,1,0,0.89327,2.13,1.59,0.54,13,Yes,0,0.145161,0.27,0
657,CH,0,269,w-269,2,1.86,2.18,0,0,0,0,0.977333,2.18,1.86,0.32,13,No,0,0,0.32,2
719,MM,1,269,w-269,3,1.99,2.09,0.1,0,0,0,6.60E-05,2.09,1.89,0.2,13,No,0,0.050251,0.1,3
720,MM,1,269,w-269,3,1.99,2.09,0.1,0,0,0,5.30E-05,2.09,1.89,0.2,13,No,0,0.050251,0.1,3
728,CH,0,269,w-269,7,1.86,2.13,0.27,0,1,0,0.5,2.13,1.59,0.54,13,Yes,0,0.145161,0.27,0
815,CH,0,269,w-269,7,1.86,2.13,0.27,0,1,0,0.95705,2.13,1.59,0.54,13,Yes,0,0.145161,0.27,0
816,CH,0,269,w-269,1,1.86,2.18,0,0,0,0,0.96564,2.18,1.86,0.32,13,No,0,0,0.32,1
850,CH,0,269,w-269,7,1.86,2.13,0.27,0,1,0,0.4,2.13,1.59,0.54,13,Yes,0,0.145161,0.27,0
870,CH,0,269,w-269,7,1.86,2.13,0.27,0,1,0,0.588044,2.13,1.59,0.54,13,Yes,0,0.145161,0.27,0
888,CH,0,269,w-269,7,1.86,2.13,0.27,0,1,0,0.6352,2.13,1.59,0.54,13,Yes,0,0.145161,0.27,0
902,CH,0,269,w-269,7,1.86,2.13,0.27,0,1,0,0.95705,2.13,1.59,0.54,13,Yes,0,0.145161,0.27,0
921,CH,0,269,w-269,7,1.86,2.13,0.27,0,1,0,0.52,2.13,1.59,0.54,13,Yes,0,0.145161,0.27,0
922,CH,0,269,w-269,2,1.86,2.18,0,0,0,0,0.616,2.18,1.86,0.32,13,No,0,0,0.32,2
955,CH,0,269,w-269,2,1.86,2.18,0,0,0,0,0.002443,2.18,1.86,0.32,13,No,0,0,0.32,2
986,CH,0,269,w-269,7,1.86,2.13,0.27,0,1,0,0.675392,2.13,1.59,0.54,13,Yes,0,0.145161,0.27,0
989,CH,0,269,w-269,3,1.99,2.09,0.1,0,0,0,0.5,2.09,1.89,0.2,13,No,0,0.050251,0.1,3
1032,CH,0,269,w-269,4,1.99,2.09,0.1,0,0,0,0.92458,2.09,1.89,0.2,13,No,0,0.050251,0.1,4
68,MM,1,270,w-270,4,1.99,2.09,0.1,0,0,0,0.699827,2.09,1.89,0.2,13,No,0,0.050251,0.1,4
130,CH,0,270,w-270,2,1.86,2.18,0,0,0,0,0.912618,2.18,1.86,0.32,13,No,0,0,0.32,2
131,CH,0,270,w-270,1,1.86,2.18,0,0,0,0,0.930094,2.18,1.86,0.32,13,No,0,0,0.32,1
163,CH,0,270,w-270,1,1.86,2.18,0,0,0,0,0.982408,2.18,1.86,0.32,13,No,0,0,0.32,1
219,CH,0,270,w-270,7,1.86,2.13,0.27,0,1,0,0.987165,2.13,1.59,0.54,13,Yes,0,0.145161,0.27,0
252,CH,0,270,w-270,7,1.86,2.13,0.27,0,1,0,0.990137,2.13,1.59,0.54,13,Yes,0,0.145161,0.27,0
262,CH,0,270,w-270,2,1.86,2.18,0,0,0,0,0.3072,2.18,1.86,0.32,13,No,0,0,0.32,2
293,MM,1,270,w-270,2,1.86,2.18,0,0,0,0,0.000396,2.18,1.86,0.32,13,No,0,0,0.32,2
310,CH,0,270,w-270,2,1.86,2.18,0,0,0,0,0.339223,2.18,1.86,0.32,13,No,0,0,0.32,2
431,MM,1,270,w-270,4,1.99,2.09,0.1,0,0,0,0.27335,2.09,1.89,0.2,13,No,0,0.050251,0.1,4
560,CH,0,270,w-270,7,1.86,2.13,0.27,0,1,0,0.6,2.13,1.59,0.54,13,Yes,0,0.145161,0.27,0
576,CH,0,270,w-270,3,1.99,2.09,0.1,0,0,0,0.287853,2.09,1.89,0.2,13,No,0,0.050251,0.1,3
622,CH,0,270,w-270,1,1.86,2.18,0,0,0,0,0.914616,2.18,1.86,0.32,13,No,0,0,0.32,1
658,CH,0,270,w-270,2,1.86,2.18,0,0,0,0,0.981866,2.18,1.86,0.32,13,No,0,0,0.32,2
675,CH,0,270,w-270,1,1.86,2.18,0,0,0,0,0.47616,2.18,1.86,0.32,13,No,0,0,0.32,1
721,MM,1,270,w-270,3,1.99,2.09,0.1,0,0,0,4.30E-05,2.09,1.89,0.2,13,No,0,0.050251,0.1,3
729,CH,0,270,w-270,7,1.86,2.13,0.27,0,1,0,0.6,2.13,1.59,0.54,13,Yes,0,0.145161,0.27,0
817,CH,0,270,w-270,7,1.86,2.13,0.27,0,1,0,0.972512,2.13,1.59,0.54,13,Yes,0,0.145161,0.27,0
830,CH,0,270,w-270,4,1.99,2.09,0.1,0,0,0,0.956432,2.09,1.89,0.2,13,No,0,0.050251,0.1,4
842,MM,1,270,w-270,2,1.86,2.18,0,0,0,0,0.331072,2.18,1.86,0.32,13,No,0,0,0.32,2
956,CH,0,270,w-270,2,1.86,2.18,0,0,0,0,0.201954,2.18,1.86,0.32,13,No,0,0,0.32,2
1033,CH,0,270,w-270,7,1.86,2.13,0.27,0,1,0,0.939664,2.13,1.59,0.54,13,Yes,0,0.145161,0.27,0
1070,CH,0,270,w-270,1,1.86,2.18,0,0,0,0,0.671172,2.18,1.86,0.32,13,No,0,0,0.32,1
27,CH,0,271,w-271,7,1.86,2.13,0,0,0,0,0.895142,2.13,1.86,0.27,13,Yes,0,0,0.27,0
39,CH,0,271,w-271,4,1.99,2.09,0.1,0.4,1,0,0.4,1.69,1.89,-0.2,10,No,0.191388,0.050251,0.1,4
132,CH,0,271,w-271,2,1.86,2.18,0,0.06,0,0,0.944076,2.12,1.86,0.26,13,No,0.027523,0,0.32,2
164,CH,0,271,w-271,4,1.99,2.09,0.1,0.4,1,0,0.985926,1.69,1.89,-0.2,10,No,0.191388,0.050251,0.1,4
195,CH,0,271,w-271,4,1.99,2.09,0.1,0.4,1,0,0.999797,1.69,1.89,-0.2,10,No,0.191388,0.050251,0.1,4
253,CH,0,271,w-271,7,1.86,2.13,0,0,0,0,0.99211,2.13,1.86,0.27,13,Yes,0,0,0.27,0
323,MM,1,271,w-271,3,1.99,2.09,0.1,0.4,1,0,0.5,1.69,1.89,-0.2,10,No,0.191388,0.050251,0.1,3
324,CH,0,271,w-271,3,1.99,2.09,0.1,0.4,1,0,0.4,1.69,1.89,-0.2,10,No,0.191388,0.050251,0.1,3
400,MM,1,271,w-271,7,1.86,2.13,0,0,0,0,0.429471,2.13,1.86,0.27,13,Yes,0,0,0.27,0
455,MM,1,271,w-271,3,1.99,2.09,0.1,0.4,1,0,0.670386,1.69,1.89,-0.2,10,No,0.191388,0.050251,0.1,3
468,CH,0,271,w-271,7,1.86,2.13,0,0,0,0,0.863685,2.13,1.86,0.27,13,Yes,0,0,0.27,0
515,CH,0,271,w-271,3,1.99,2.09,0.1,0.4,1,0,0.973612,1.69,1.89,-0.2,10,No,0.191388,0.050251,0.1,3
623,CH,0,271,w-271,1,1.86,2.18,0,0,0,0,0.931693,2.18,1.86,0.32,13,No,0,0,0.32,1
659,MM,1,271,w-271,2,1.86,2.18,0,0.06,0,0,0.985493,2.12,1.86,0.26,13,No,0.027523,0,0.32,2
660,CH,0,271,w-271,2,1.86,2.18,0,0.06,0,0,0.788394,2.12,1.86,0.26,13,No,0.027523,0,0.32,2
722,MM,1,271,w-271,3,1.99,2.09,0.1,0.4,1,0,3.40E-05,1.69,1.89,-0.2,10,No,0.191388,0.050251,0.1,3
744,CH,0,271,w-271,3,1.99,2.09,0.1,0.4,1,0,0.691063,1.69,1.89,-0.2,10,No,0.191388,0.050251,0.1,3
818,CH,0,271,w-271,7,1.86,2.13,0,0,0,0,0.97801,2.13,1.86,0.27,13,Yes,0,0,0.27,0
957,MM,1,271,w-271,3,1.99,2.09,0.1,0.4,1,0,0.361563,1.69,1.89,-0.2,10,No,0.191388,0.050251,0.1,3
990,MM,1,271,w-271,3,1.99,2.09,0.1,0.4,1,0,0.6,1.69,1.89,-0.2,10,No,0.191388,0.050251,0.1,3
28,CH,0,272,w-272,7,1.86,2.13,0,0,0,0,0.916114,2.13,1.86,0.27,13,Yes,0,0,0.27,0
69,CH,0,272,w-272,4,1.99,2.09,0,0.4,0,0,0.559861,1.69,1.99,-0.3,10,No,0.191388,0,0.1,4
70,CH,0,272,w-272,4,1.99,2.09,0,0.4,0,0,0.647889,1.69,1.99,-0.3,10,No,0.191388,0,0.1,4
133,CH,0,272,w-272,2,1.86,2.18,0,0.06,0,0,0.95526,2.12,1.86,0.26,13,No,0.027523,0,0.32,2
165,CH,0,272,w-272,4,1.99,2.09,0,0.4,0,0,0.988741,1.69,1.99,-0.3,10,No,0.191388,0,0.1,4
196,CH,0,272,w-272,4,1.99,2.09,0,0.4,0,0,0.999838,1.69,1.99,-0.3,10,No,0.191388,0,0.1,4
220,CH,0,272,w-272,7,1.86,2.13,0,0,0,0,0.989732,2.13,1.86,0.27,13,Yes,0,0,0.27,0
254,CH,0,272,w-272,7,1.86,2.13,0,0,0,0,0.993688,2.13,1.86,0.27,13,Yes,0,0,0.27,0
263,CH,0,272,w-272,2,1.86,2.18,0,0.06,0,0,0.44576,2.12,1.86,0.26,13,No,0.027523,0,0.32,2
311,CH,0,272,w-272,2,1.86,2.18,0,0.06,0,0,0.471378,2.12,1.86,0.26,13,No,0.027523,0,0.32,2
401,MM,1,272,w-272,3,1.99,2.09,0,0.4,0,0,0.343577,1.69,1.99,-0.3,10,No,0.191388,0,0.1,3
402,MM,1,272,w-272,2,1.86,2.18,0,0.06,0,0,0.274861,2.12,1.86,0.26,13,No,0.027523,0,0.32,2
432,MM,1,272,w-272,7,1.86,2.13,0,0,0,0,0.21868,2.13,1.86,0.27,13,Yes,0,0,0.27,0
456,CH,0,272,w-272,2,1.86,2.18,0,0.06,0,0,0.536309,2.12,1.86,0.26,13,No,0.027523,0,0.32,2
469,CH,0,272,w-272,7,1.86,2.13,0,0,0,0,0.890948,2.13,1.86,0.27,13,Yes,0,0,0.27,0
579,CH,0,272,w-272,7,1.86,2.13,0,0,0,0,0.6,2.13,1.86,0.27,13,Yes,0,0,0.27,0
587,CH,0,272,w-272,7,1.86,2.13,0,0,0,0,0.895142,2.13,1.86,0.27,13,Yes,0,0,0.27,0
624,CH,0,272,w-272,1,1.86,2.18,0,0,0,0,0.945354,2.18,1.86,0.32,13,No,0,0,0.32,1
625,CH,0,272,w-272,1,1.86,2.18,0,0,0,0,0.956283,2.18,1.86,0.32,13,No,0,0,0.32,1
723,MM,1,272,w-272,3,1.99,2.09,0,0.4,0,0,2.70E-05,1.69,1.99,-0.3,10,No,0.191388,0,0.1,3
923,MM,1,272,w-272,2,1.86,2.18,0,0.06,0,0,0.6928,2.12,1.86,0.26,13,No,0.027523,0,0.32,2
934,CH,0,272,w-272,3,1.99,2.09,0,0.4,0,0,0.6,1.69,1.99,-0.3,10,No,0.191388,0,0.1,3
1007,CH,0,272,w-272,3,1.99,2.09,0,0.4,0,0,0.067109,1.69,1.99,-0.3,10,No,0.191388,0,0.1,3
1008,MM,1,272,w-272,3,1.99,2.09,0,0.4,0,0,0.253687,1.69,1.99,-0.3,10,No,0.191388,0,0.1,3
1034,CH,0,272,w-272,4,1.99,2.09,0,0.4,0,0,0.951731,1.69,1.99,-0.3,10,No,0.191388,0,0.1,4
84,CH,0,273,w-273,4,1.99,2.09,0,0.4,0,0,0.95705,1.69,1.99,-0.3,10,No,0.191388,0,0.1,4
134,CH,0,273,w-273,7,1.86,2.13,0,0.54,0,0,0.964208,1.59,1.86,-0.27,10,Yes,0.253521,0,0.27,0
135,CH,0,273,w-273,1,1.86,2.18,0,0,0,0,0.971367,2.18,1.86,0.32,13,No,0,0,0.32,1
264,CH,0,273,w-273,2,1.86,2.18,0,0.06,0,0,0.556608,2.12,1.86,0.26,13,No,0.027523,0,0.32,2
271,MM,1,273,w-273,2,1.86,2.18,0,0.06,0,0,0.427008,2.12,1.86,0.26,13,No,0.027523,0,0.32,2
294,MM,1,273,w-273,2,1.86,2.18,0,0.06,0,0,0.000317,2.12,1.86,0.26,13,No,0.027523,0,0.32,2
312,CH,0,273,w-273,2,1.86,2.18,0,0.06,0,0,0.577102,2.12,1.86,0.26,13,No,0.027523,0,0.32,2
354,MM,1,273,w-273,4,1.99,2.09,0,0.4,0,0,0.616,1.69,1.99,-0.3,10,No,0.191388,0,0.1,4
626,CH,0,273,w-273,7,1.86,2.13,0,0.54,0,0,0.965027,1.59,1.86,-0.27,10,Yes,0.253521,0,0.27,0
676,CH,0,273,w-273,1,1.86,2.18,0,0,0,0,0.580928,2.18,1.86,0.32,13,No,0,0,0.32,1
724,MM,1,273,w-273,3,1.99,2.09,0,0.4,0,0,2.20E-05,1.69,1.99,-0.3,10,No,0.191388,0,0.1,3
757,CH,0,273,w-273,1,1.86,2.18,0,0,0,0,0.433472,2.18,1.86,0.32,13,No,0,0,0.32,1
788,CH,0,273,w-273,3,1.99,2.09,0,0.4,0,0,0.053687,1.69,1.99,-0.3,10,No,0.191388,0,0.1,3
819,CH,0,273,w-273,7,1.86,2.13,0,0.54,0,0,0.982408,1.59,1.86,-0.27,10,Yes,0.253521,0,0.27,0
843,CH,0,273,w-273,2,1.86,2.18,0,0.06,0,0,0.264858,2.12,1.86,0.26,13,No,0.027523,0,0.32,2
889,CH,0,273,w-273,1,1.86,2.18,0,0,0,0,0.70816,2.18,1.86,0.32,13,No,0,0,0.32,1
910,CH,0,273,w-273,1,1.86,2.18,0,0,0,0,0.464858,2.18,1.86,0.32,13,No,0,0,0.32,1
914,MM,1,273,w-273,2,1.86,2.18,0,0.06,0,0,0.6,2.12,1.86,0.26,13,No,0.027523,0,0.32,2
958,MM,1,273,w-273,3,1.99,2.09,0,0.4,0,0,0.289251,1.69,1.99,-0.3,10,No,0.191388,0,0.1,3
29,CH,0,274,w-274,7,1.86,2.13,0.47,0.54,1,0,0.932891,1.59,1.39,0.2,13,Yes,0.253521,0.252688,0.27,0
71,CH,0,274,w-274,4,1.99,2.09,0,0.4,0,0,0.718311,1.69,1.99,-0.3,10,No,0.191388,0,0.1,4
136,CH,0,274,w-274,2,1.96,2.18,0,0.8,0,1,0.977093,1.38,1.96,-0.58,10,No,0.366972,0,0.22,2
166,CH,0,274,w-274,4,1.99,2.09,0,0.4,0,0,0.990993,1.69,1.99,-0.3,10,No,0.191388,0,0.1,4
197,CH,0,274,w-274,4,1.99,2.09,0,0.4,0,0,0.99987,1.69,1.99,-0.3,10,No,0.191388,0,0.1,4
221,CH,0,274,w-274,2,1.96,2.18,0,0.8,0,1,0.991785,1.38,1.96,-0.58,10,No,0.366972,0,0.22,2
230,CH,0,274,w-274,7,1.86,2.13,0.47,0.54,1,0,0.52,1.59,1.39,0.2,13,Yes,0.253521,0.252688,0.27,0
372,MM,1,274,w-274,2,1.96,2.18,0,0.8,0,1,0.392858,1.38,1.96,-0.58,10,No,0.366972,0,0.22,2
373,CH,0,274,w-274,7,1.86,2.13,0.47,0.54,1,0,0.314286,1.59,1.39,0.2,13,Yes,0.253521,0.252688,0.27,0
403,MM,1,274,w-274,7,1.86,2.13,0.47,0.54,1,0,0.219889,1.59,1.39,0.2,13,Yes,0.253521,0.252688,0.27,0
404,MM,1,274,w-274,2,1.96,2.18,0,0.8,0,1,0.175911,1.38,1.96,-0.58,10,No,0.366972,0,0.22,2
457,CH,0,274,w-274,7,1.86,2.13,0.47,0.54,1,0,0.629047,1.59,1.39,0.2,13,Yes,0.253521,0.252688,0.27,0
470,CH,0,274,w-274,7,1.86,2.13,0.47,0.54,1,0,0.912758,1.59,1.39,0.2,13,Yes,0.253521,0.252688,0.27,0
471,CH,0,274,w-274,7,1.86,2.13,0.47,0.54,1,0,0.5,1.59,1.39,0.2,13,Yes,0.253521,0.252688,0.27,0
481,CH,0,274,w-274,7,1.86,2.13,0.47,0.54,1,0,0.803392,1.59,1.39,0.2,13,Yes,0.253521,0.252688,0.27,0
499,MM,1,274,w-274,2,1.96,2.18,0,0.8,0,1,0.256,1.38,1.96,-0.58,10,No,0.366972,0,0.22,2
516,CH,0,274,w-274,3,1.99,2.09,0,0.4,0,0,0.978889,1.69,1.99,-0.3,10,No,0.191388,0,0.1,3
540,MM,1,274,w-274,7,1.86,2.13,0.47,0.54,1,0,0.5,1.59,1.39,0.2,13,Yes,0.253521,0.252688,0.27,0
541,CH,0,274,w-274,7,1.86,2.13,0.47,0.54,1,0,0.4,1.59,1.39,0.2,13,Yes,0.253521,0.252688,0.27,0
543,CH,0,274,w-274,7,1.86,2.13,0.47,0.54,1,0,0.6,1.59,1.39,0.2,13,Yes,0.253521,0.252688,0.27,0
627,CH,0,274,w-274,7,1.86,2.13,0.47,0.54,1,0,0.972021,1.59,1.39,0.2,13,Yes,0.253521,0.252688,0.27,0
632,CH,0,274,w-274,7,1.86,2.13,0.47,0.54,1,0,0.6,1.59,1.39,0.2,13,Yes,0.253521,0.252688,0.27,0
677,CH,0,274,w-274,1,1.96,2.13,0,0.74,0,1,0.664742,1.39,1.96,-0.57,10,No,0.347418,0,0.17,1
678,MM,1,274,w-274,1,1.96,2.13,0,0.74,0,1,0.731794,1.39,1.96,-0.57,10,No,0.347418,0,0.17,1
725,MM,1,274,w-274,3,1.99,2.09,0,0.4,0,0,1.70E-05,1.69,1.99,-0.3,10,No,0.191388,0,0.1,3
731,MM,1,274,w-274,4,1.99,2.09,0,0.4,0,0,0.5,1.69,1.99,-0.3,10,No,0.191388,0,0.1,4
789,CH,0,274,w-274,7,1.86,2.13,0.47,0.54,1,0,0.5,1.59,1.39,0.2,13,Yes,0.253521,0.252688,0.27,0
798,MM,1,274,w-274,1,1.96,2.13,0,0.74,0,1,0.03436,1.39,1.96,-0.57,10,No,0.347418,0,0.17,1
820,CH,0,274,w-274,7,1.86,2.13,0.47,0.54,1,0,0.985926,1.59,1.39,0.2,13,Yes,0.253521,0.252688,0.27,0
831,CH,0,274,w-274,4,1.99,2.09,0,0.4,0,0,0.965145,1.69,1.99,-0.3,10,No,0.191388,0,0.1,4
844,MM,1,274,w-274,7,1.86,2.13,0.47,0.54,1,0,0.411886,1.59,1.39,0.2,13,Yes,0.253521,0.252688,0.27,0
845,MM,1,274,w-274,2,1.96,2.18,0,0.8,0,1,0.329509,1.38,1.96,-0.58,10,No,0.366972,0,0.22,2
846,MM,1,274,w-274,2,1.96,2.18,0,0.8,0,1,0.263607,1.38,1.96,-0.58,10,No,0.366972,0,0.22,2
861,CH,0,274,w-274,7,1.86,2.13,0.47,0.54,1,0,0.97801,1.59,1.39,0.2,13,Yes,0.253521,0.252688,0.27,0
871,CH,0,274,w-274,7,1.86,2.13,0.47,0.54,1,0,0.670435,1.59,1.39,0.2,13,Yes,0.253521,0.252688,0.27,0
890,CH,0,274,w-274,7,1.86,2.13,0.47,0.54,1,0,0.766528,1.59,1.39,0.2,13,Yes,0.253521,0.252688,0.27,0
903,CH,0,274,w-274,7,1.86,2.13,0.47,0.54,1,0,0.96564,1.59,1.39,0.2,13,Yes,0.253521,0.252688,0.27,0
987,MM,1,274,w-274,1,1.96,2.13,0,0.74,0,1,0.740314,1.39,1.96,-0.57,10,No,0.347418,0,0.17,1
988,CH,0,274,w-274,7,1.86,2.13,0.47,0.54,1,0,0.592251,1.59,1.39,0.2,13,Yes,0.253521,0.252688,0.27,0
33,MM,1,275,w-275,2,1.96,2.18,0,0.8,0,1,0.68,1.38,1.96,-0.58,10,No,0.366972,0,0.22,2
72,CH,0,275,w-275,4,2.09,2.09,0,0.4,0,0,0.774649,1.69,2.09,-0.4,10,No,0.191388,0,0,4
85,CH,0,275,w-275,4,2.09,2.09,0,0.4,0,0,0.96564,1.69,2.09,-0.4,10,No,0.191388,0,0,4
89,CH,0,275,w-275,4,2.09,2.09,0,0.4,0,0,0.744,1.69,2.09,-0.4,10,No,0.191388,0,0,4
137,CH,0,275,w-275,2,1.96,2.18,0,0.8,0,1,0.981675,1.38,1.96,-0.58,10,No,0.366972,0,0.22,2
198,CH,0,275,w-275,7,1.99,2.13,0,0.54,1,0,0.999896,1.59,1.99,-0.4,10,Yes,0.253521,0,0.14,0
255,MM,1,275,w-275,7,1.99,2.13,0,0.54,1,0,0.99495,1.59,1.99,-0.4,10,Yes,0.253521,0,0.14,0
295,MM,1,275,w-275,2,1.96,2.18,0,0.8,0,1,0.000254,1.38,1.96,-0.58,10,No,0.366972,0,0.22,2
313,CH,0,275,w-275,2,1.96,2.18,0,0.8,0,1,0.661682,1.38,1.96,-0.58,10,No,0.366972,0,0.22,2
361,MM,1,275,w-275,7,1.99,2.13,0,0.54,1,0,0.6,1.59,1.99,-0.4,10,Yes,0.253521,0,0.14,0
405,MM,1,275,w-275,7,1.99,2.13,0,0.54,1,0,0.140729,1.59,1.99,-0.4,10,Yes,0.253521,0,0.14,0
438,MM,1,275,w-275,1,1.96,2.13,0,0.74,0,1,0.44576,1.39,1.96,-0.57,10,No,0.347418,0,0.17,1
446,MM,1,275,w-275,1,1.96,2.13,0,0.74,0,1,0.863685,1.39,1.96,-0.57,10,No,0.347418,0,0.17,1
458,MM,1,275,w-275,7,1.99,2.13,0,0.54,1,0,0.703238,1.59,1.99,-0.4,10,Yes,0.253521,0,0.14,0
459,MM,1,275,w-275,2,1.96,2.18,0,0.8,0,1,0.56259,1.38,1.96,-0.58,10,No,0.366972,0,0.22,2
472,MM,1,275,w-275,2,1.96,2.18,0,0.8,0,1,0.6,1.38,1.96,-0.58,10,No,0.366972,0,0.22,2
522,MM,1,275,w-275,2,1.96,2.18,0,0.8,0,1,0.744,1.38,1.96,-0.58,10,No,0.366972,0,0.22,2
557,MM,1,275,w-275,1,1.96,2.13,0,0.74,0,1,0.477037,1.39,1.96,-0.57,10,No,0.347418,0,0.17,1
726,MM,1,275,w-275,3,2.09,2.09,0,0.4,0,0,1.40E-05,1.69,2.09,-0.4,10,No,0.191388,0,0,3
730,CH,0,275,w-275,1,1.96,2.13,0,0.74,0,1,0.68,1.39,1.96,-0.57,10,No,0.347418,0,0.17,1
732,MM,1,275,w-275,4,2.09,2.09,0,0.4,0,0,0.4,1.69,2.09,-0.4,10,No,0.191388,0,0,4
745,MM,1,275,w-275,3,2.09,2.09,0,0.4,0,0,0.752851,1.69,2.09,-0.4,10,No,0.191388,0,0,3
790,MM,1,275,w-275,2,1.96,2.18,0,0.8,0,1,0.6,1.38,1.96,-0.58,10,No,0.366972,0,0.22,2
847,MM,1,275,w-275,2,1.96,2.18,0,0.8,0,1,0.210886,1.38,1.96,-0.58,10,No,0.366972,0,0.22,2
848,MM,1,275,w-275,2,1.96,2.18,0,0.8,0,1,0.168709,1.38,1.96,-0.58,10,No,0.366972,0,0.22,2
872,MM,1,275,w-275,7,1.99,2.13,0,0.54,1,0,0.736348,1.59,1.99,-0.4,10,Yes,0.253521,0,0.14,0
904,MM,1,275,w-275,7,1.99,2.13,0,0.54,1,0,0.972512,1.59,1.99,-0.4,10,Yes,0.253521,0,0.14,0
911,MM,1,275,w-275,1,1.96,2.13,0,0.74,0,1,0.571886,1.39,1.96,-0.57,10,No,0.347418,0,0.17,1
924,MM,1,275,w-275,7,1.99,2.13,0,0.54,1,0,0.55424,1.59,1.99,-0.4,10,Yes,0.253521,0,0.14,0
959,MM,1,275,w-275,2,1.96,2.18,0,0.8,0,1,0.231401,1.38,1.96,-0.58,10,No,0.366972,0,0.22,2
977,MM,1,275,w-275,1,1.96,2.13,0,0.74,0,1,0.161258,1.39,1.96,-0.57,10,No,0.347418,0,0.17,1
992,MM,1,275,w-275,2,1.96,2.18,0,0.8,0,1,0.4,1.38,1.96,-0.58,10,No,0.366972,0,0.22,2
1000,MM,1,275,w-275,7,1.99,2.13,0,0.54,1,0,0.6352,1.59,1.99,-0.4,10,Yes,0.253521,0,0.14,0
13,CH,0,276,w-276,7,1.99,2.13,0,0.54,0,1,0.992708,1.59,1.99,-0.4,10,Yes,0.253521,0,0.14,0
73,CH,0,276,w-276,4,2.09,2.09,0.2,0.4,0,0,0.819719,1.69,1.89,-0.2,10,No,0.191388,0.095694,0,4
86,CH,0,276,w-276,2,1.99,2.18,0,0,0,1,0.972512,2.18,1.99,0.19,13,No,0,0,0.19,2
138,CH,0,276,w-276,7,1.99,2.13,0,0.54,0,1,0.98534,1.59,1.99,-0.4,10,Yes,0.253521,0,0.14,0
167,CH,0,276,w-276,4,2.09,2.09,0.2,0.4,0,0,0.992794,1.69,1.89,-0.2,10,No,0.191388,0.095694,0,4
199,CH,0,276,w-276,4,2.09,2.09,0.2,0.4,0,0,0.999917,1.69,1.89,-0.2,10,No,0.191388,0.095694,0,4
231,MM,1,276,w-276,7,1.99,2.13,0,0.54,0,1,0.616,1.59,1.99,-0.4,10,Yes,0.253521,0,0.14,0
265,CH,0,276,w-276,2,1.99,2.18,0,0,0,1,0.645286,2.18,1.99,0.19,13,No,0,0,0.19,2
272,MM,1,276,w-276,3,2.09,2.09,0.2,0.4,0,0,0.341606,1.69,1.89,-0.2,10,No,0.191388,0.095694,0,3
296,MM,1,276,w-276,3,2.09,2.09,0.2,0.4,0,0,0.000203,1.69,1.89,-0.2,10,No,0.191388,0.095694,0,3
314,CH,0,276,w-276,2,1.99,2.18,0,0,0,1,0.729346,2.18,1.99,0.19,13,No,0,0,0.19,2
315,CH,0,276,w-276,2,1.99,2.18,0,0,0,1,0.783476,2.18,1.99,0.19,13,No,0,0,0.19,2
406,MM,1,276,w-276,7,1.99,2.13,0,0.54,0,1,0.112583,1.59,1.99,-0.4,10,Yes,0.253521,0,0.14,0
473,MM,1,276,w-276,7,1.99,2.13,0,0.54,0,1,0.48,1.59,1.99,-0.4,10,Yes,0.253521,0,0.14,0
500,MM,1,276,w-276,7,1.99,2.13,0,0.54,0,1,0.2048,1.59,1.99,-0.4,10,Yes,0.253521,0,0.14,0
517,CH,0,276,w-276,3,2.09,2.09,0.2,0.4,0,0,0.983112,1.69,1.89,-0.2,10,No,0.191388,0.095694,0,3
558,MM,1,276,w-276,1,1.99,2.13,0,0,0,1,0.381629,2.13,1.99,0.14,13,No,0,0,0.14,1
727,MM,1,276,w-276,3,2.09,2.09,0.2,0.4,0,0,1.10E-05,1.69,1.89,-0.2,10,No,0.191388,0.095694,0,3
733,MM,1,276,w-276,4,2.09,2.09,0.2,0.4,0,0,0.32,1.69,1.89,-0.2,10,No,0.191388,0.095694,0,4
779,CH,0,276,w-276,2,1.99,2.18,0,0,0,1,0.5,2.18,1.99,0.19,13,No,0,0,0.19,2
800,MM,1,276,w-276,7,1.99,2.13,0,0.54,0,1,0.416,1.59,1.99,-0.4,10,Yes,0.253521,0,0.14,0
873,MM,1,276,w-276,7,1.99,2.13,0,0.54,0,1,0.589079,1.59,1.99,-0.4,10,Yes,0.253521,0,0.14,0
912,MM,1,276,w-276,2,1.99,2.18,0,0,0,1,0.32,2.18,1.99,0.19,13,No,0,0,0.19,2
925,MM,1,276,w-276,7,1.99,2.13,0,0.54,0,1,0.443392,1.59,1.99,-0.4,10,Yes,0.253521,0,0.14,0
960,MM,1,276,w-276,2,1.99,2.18,0,0,0,1,0.18512,2.18,1.99,0.19,13,No,0,0,0.19,2
978,MM,1,276,w-276,1,1.99,2.13,0,0,0,1,0.129007,2.13,1.99,0.14,13,No,0,0,0.14,1
38,CH,0,277,w-277,1,1.99,2.13,0.24,0,0,0,0.7952,2.13,1.75,0.38,13,No,0,0.120603,0.14,1
87,CH,0,277,w-277,4,2.09,2.09,0.2,0.4,0,0,0.97801,1.69,1.89,-0.2,10,No,0.191388,0.095694,0,4
90,CH,0,277,w-277,3,2.09,2.09,0.2,0.4,0,0,0.7952,1.69,1.89,-0.2,10,No,0.191388,0.095694,0,3
96,CH,0,277,w-277,2,1.99,2.18,0,0,0,0,0.6,2.18,1.99,0.19,13,No,0,0,0.19,2
97,CH,0,277,w-277,7,1.99,2.13,0.5,0,0,1,0.4,2.13,1.49,0.64,13,Yes,0,0.251256,0.14,0
145,CH,0,277,w-277,4,2.09,2.09,0.2,0.4,0,0,0.384,1.69,1.89,-0.2,10,No,0.191388,0.095694,0,4
152,MM,1,277,w-277,7,1.99,2.13,0.5,0,0,1,0.131072,2.13,1.49,0.64,13,Yes,0,0.251256,0.14,0
168,CH,0,277,w-277,4,2.09,2.09,0.2,0.4,0,0,0.994235,1.69,1.89,-0.2,10,No,0.191388,0.095694,0,4
200,CH,0,277,w-277,7,1.99,2.13,0.5,0,0,1,0.999934,2.13,1.49,0.64,13,Yes,0,0.251256,0.14,0
351,CH,0,277,w-277,7,1.99,2.13,0.5,0,0,1,0.97801,2.13,1.49,0.64,13,Yes,0,0.251256,0.14,0
426,CH,0,277,w-277,3,2.09,2.09,0.2,0.4,0,0,0.5328,1.69,1.89,-0.2,10,No,0.191388,0.095694,0,3
460,MM,1,277,w-277,3,2.09,2.09,0.2,0.4,0,0,0.450072,1.69,1.89,-0.2,10,No,0.191388,0.095694,0,3
474,CH,0,277,w-277,7,1.99,2.13,0.5,0,0,1,0.384,2.13,1.49,0.64,13,Yes,0,0.251256,0.14,0
524,MM,1,277,w-277,7,1.99,2.13,0.5,0,0,1,0.4,2.13,1.49,0.64,13,Yes,0,0.251256,0.14,0
568,CH,0,277,w-277,7,1.99,2.13,0.5,0,0,1,0.32,2.13,1.49,0.64,13,Yes,0,0.251256,0.14,0
610,CH,0,277,w-277,7,1.99,2.13,0.5,0,0,1,0.994005,2.13,1.49,0.64,13,Yes,0,0.251256,0.14,0
679,CH,0,277,w-277,1,1.99,2.13,0.24,0,0,0,0.585435,2.13,1.75,0.38,13,No,0,0.120603,0.14,1
801,MM,1,277,w-277,7,1.99,2.13,0.5,0,0,1,0.3328,2.13,1.49,0.64,13,Yes,0,0.251256,0.14,0
821,CH,0,277,w-277,7,1.99,2.13,0.5,0,0,1,0.988741,2.13,1.49,0.64,13,Yes,0,0.251256,0.14,0
883,CH,0,277,w-277,4,2.09,2.09,0.2,0.4,0,0,0.850971,1.69,1.89,-0.2,10,No,0.191388,0.095694,0,4
905,CH,0,277,w-277,7,1.99,2.13,0.5,0,0,1,0.77801,2.13,1.49,0.64,13,Yes,0,0.251256,0.14,0
919,MM,1,277,w-277,1,1.99,2.13,0.24,0,0,0,0.416,2.13,1.75,0.38,13,No,0,0.120603,0.14,1
961,MM,1,277,w-277,2,1.99,2.18,0,0,0,0,0.148096,2.18,1.99,0.19,13,No,0,0,0.19,2
979,MM,1,277,w-277,1,1.99,2.13,0.24,0,0,0,0.103205,2.13,1.75,0.38,13,No,0,0.120603,0.14,1
1035,CH,0,277,w-277,7,1.99,2.13,0.5,0,0,1,0.961385,2.13,1.49,0.64,13,Yes,0,0.251256,0.14,0
15,CH,0,278,w-278,7,2.06,2.13,0,0,0,0,0.744,2.13,2.06,0.07,13,Yes,0,0,0.07,0
16,CH,0,278,w-278,7,2.06,2.13,0,0,0,0,0.7952,2.13,2.06,0.07,13,Yes,0,0,0.07,0
30,CH,0,278,w-278,7,2.06,2.13,0,0,0,0,0.946313,2.13,2.06,0.07,13,Yes,0,0,0.07,0
74,CH,0,278,w-278,4,2.09,2.09,0.2,0,0,0,0.855775,2.09,1.89,0.2,13,No,0,0.095694,0,4
139,CH,0,278,w-278,2,1.99,2.18,0,0,0,0,0.988272,2.18,1.99,0.19,13,No,0,0,0.19,2
169,CH,0,278,w-278,3,2.09,2.09,0.2,0,0,0,0.995388,2.09,1.89,0.2,13,No,0,0.095694,0,3
201,CH,0,278,w-278,4,2.09,2.09,0.2,0,0,0,0.999947,2.09,1.89,0.2,13,No,0,0.095694,0,4
266,CH,0,278,w-278,2,1.99,2.18,0,0,0,0,0.716229,2.18,1.99,0.19,13,No,0,0,0.19,2
273,MM,1,278,w-278,3,2.09,2.09,0.2,0,0,0,0.273285,2.09,1.89,0.2,13,No,0,0.095694,0,3
316,CH,0,278,w-278,2,1.99,2.18,0,0,0,0,0.826781,2.18,1.99,0.19,13,No,0,0,0.19,2
352,CH,0,278,w-278,7,2.06,2.13,0,0,0,0,0.982408,2.13,2.06,0.07,13,Yes,0,0,0.07,0
518,CH,0,278,w-278,3,2.09,2.09,0.2,0,0,0,0.986489,2.09,1.89,0.2,13,No,0,0.095694,0,3
562,CH,0,278,w-278,7,2.06,2.13,0,0,0,0,0.4,2.13,2.06,0.07,13,Yes,0,0,0.07,0
688,MM,1,278,w-278,7,2.06,2.13,0,0,0,0,0.067109,2.13,2.06,0.07,13,Yes,0,0,0.07,0
762,CH,0,278,w-278,3,2.09,2.09,0.2,0,0,0,0.561472,2.09,1.89,0.2,13,No,0,0.095694,0,3
769,MM,1,278,w-278,7,2.06,2.13,0,0,0,0,0.6,2.13,2.06,0.07,13,Yes,0,0,0.07,0
780,CH,0,278,w-278,2,1.99,2.18,0,0,0,0,0.6,2.18,1.99,0.19,13,No,0,0,0.19,2
980,MM,1,278,w-278,1,1.99,2.13,0.24,0,0,0,0.082564,2.13,1.75,0.38,13,No,0,0.120603,0.14,1
